Rk,Name,Age,Tm,IP,G,GR,GF,Wgr,Lgr,SVOpp,SV,BSv,SV%,SVSit,Hold,IR,IS,IS%,1stIP,aLI,LevHi,LevMd,LevLo,Ahd,Tie,Bhd,Runr,Empt,>3o,<3o,IPmult,0DR,Out/GR,Pit/GR,Name-additional
1,Cory Abbott,26,WSN,48.0,16,7,7,0,0,0,0,0,,0,0,2,0,0%,9,.808,0,0,7,2,0,5,1,6,2,0,2,0,3.9,17,abbotco01
2,Albert Abreu,26,TOT,38.2,33,33,11,2,2,1,0,1,0%,2,1,13,7,54%,,.581,3,6,24,6,2,25,11,22,13,6,15,2,3.5,21,abreual01
3,Albert Abreu,26,TEX,8.2,7,7,0,0,0,0,0,0,,0,0,0,0,,6,.551,0,2,5,1,1,5,0,7,3,1,4,0,3.7,26,abreual01
4,Albert Abreu,26,KCR,4.1,4,4,3,0,0,0,0,0,,0,0,3,1,33%,9,.055,0,0,4,1,0,3,2,2,2,1,2,1,3.3,19,abreual01
5,Albert Abreu,26,NYY,25.2,22,22,8,2,2,1,0,1,0%,2,1,10,6,60%,8,.700,3,4,15,4,1,17,9,13,8,4,9,1,3.5,20,abreual01
6,Bryan Abreu,25,HOU,60.1,55,55,18,4,0,2,2,0,100%,10,8,27,10,37%,9,.801,13,14,28,28,7,20,15,40,17,11,17,5,3.3,19,abreubr01
7,Domingo Acevedo,28,OAK,67.2,70,70,12,4,4,8,4,4,50%,29,20,30,10,33%,7,1.247,30,21,19,34,14,22,20,50,9,17,11,11,2.9,14,acevedo01
8,Jason Adam,30,TBR,63.1,67,67,16,2,3,12,8,4,67%,34,22,31,3,10%,8,1.575,36,18,13,45,16,6,20,47,8,13,8,22,2.8,14,adamja01
9,Austin Adams,31,SDP,2.1,2,2,0,1,0,0,0,0,,0,0,0,0,,4,.243,0,0,2,1,0,1,0,2,1,0,1,0,3.5,24,adamsau02
10,Ehire Adrianza,32,WSN,1.0,1,1,1,0,0,0,0,0,,0,0,0,0,,9,.000,0,0,1,0,0,1,0,1,0,0,0,0,3.0,12,adriaeh01
11,Keegan Akin,27,BAL,81.2,45,44,10,3,2,2,2,0,100%,5,3,27,10,37%,7,.734,7,8,29,13,4,27,19,25,29,6,33,4,5.4,27,akinke01
12,Hanser Alberto,29,LAD,11.0,10,10,10,0,0,0,0,0,,0,0,0,0,,9,.002,0,0,10,8,0,2,0,10,1,0,1,2,3.3,15,alberha01
13,Jorge Alcala,26,MIN,2.1,2,2,0,0,0,0,0,0,,0,0,1,0,0%,7,.791,0,1,1,1,0,1,1,1,1,0,1,0,3.5,20,alcaljo01
14,Jason Alexander,29,MIL,71.2,18,7,3,0,0,0,0,0,,0,0,3,1,33%,8,.940,0,2,5,2,1,4,2,5,4,2,4,0,6.7,36,alexaja01
15,Scott Alexander,32,SFG,17.1,17,13,3,0,0,2,2,0,100%,7,5,8,0,0%,8,1.177,5,3,5,8,1,4,7,6,3,3,5,4,3.0,12,alexasc02
16,Tyler Alexander,27,DET,101.0,27,10,1,2,0,0,0,0,,1,1,13,6,46%,8,.819,2,3,5,1,1,8,5,5,8,1,8,0,6.3,29,alexaty01
17,A.J. Alexy,24,TEX,7.0,4,4,0,1,1,0,0,0,,0,0,2,1,50%,5,.787,0,2,2,0,1,3,2,2,3,1,4,0,5.3,38,alexyaj01
18,Kolby Allard,24,TEX,21.0,10,10,4,1,2,1,1,0,100%,1,0,6,3,50%,12,.579,1,4,5,2,2,6,3,7,6,2,6,1,6.3,30,allarko01
19,Cam Alldred,25,PIT,1.0,1,1,0,0,0,0,0,0,,0,0,0,0,,6,.513,0,0,1,0,0,1,0,1,0,0,1,0,3.0,16,alldrca01
20,Logan Allen,25,TOT,7.2,7,7,0,1,0,0,0,0,,0,0,4,2,50%,,.665,1,2,4,1,1,5,2,5,2,3,3,0,3.3,23,allenlo01
21,Logan Allen,25,CLE,6.0,4,4,0,1,0,0,0,0,,0,0,3,2,67%,5,.844,1,2,1,1,1,2,1,3,2,1,3,0,4.5,31,allenlo01
22,Logan Allen,25,BAL,1.2,3,3,0,0,0,0,0,0,,0,0,1,0,0%,6,.129,0,0,3,0,0,3,1,2,0,2,0,0,1.7,13,allenlo01
23,Yency Almonte,28,LAD,35.1,33,33,3,0,0,2,1,1,50%,11,9,7,2,29%,7,1.078,8,14,11,15,5,13,5,28,8,6,9,5,3.2,14,almonye01
24,José Alvarado,27,PHI,51.0,59,59,8,4,2,4,2,2,50%,26,22,25,7,28%,7,1.487,27,17,15,31,13,15,17,42,3,18,4,12,2.6,15,alvarjo03
25,Jose Alvarez,33,SFG,15.1,21,21,6,2,1,3,1,2,33%,4,1,13,6,46%,9,1.130,5,6,10,8,4,9,10,11,1,11,2,3,2.2,13,alvarjo02
26,R.J. Alvarez,31,NYM,2.1,1,1,0,0,1,0,0,0,,0,0,0,0,,3,.745,0,1,0,0,1,0,0,1,1,0,1,0,7.0,51,alvarrj01
27,Adbert Alzolay,27,CHC,13.1,6,6,1,2,1,0,0,0,,1,1,4,2,50%,7,1.183,3,3,0,2,3,1,3,3,5,0,6,0,6.7,33,alzolad01
28,Chase Anderson,34,CIN,24.0,9,2,1,0,1,0,0,0,,0,0,2,1,50%,13,.999,1,0,1,0,1,1,2,0,0,1,0,0,2.5,16,anderch01
29,Shaun Anderson,27,TOR,1.0,1,1,1,0,0,0,0,0,,0,0,0,0,,9,.101,0,0,1,1,0,0,0,1,0,0,0,0,3.0,21,andersh01
30,Tyler Anderson,32,LAD,178.2,30,2,0,1,0,0,0,0,,0,0,0,0,,5,.829,0,2,0,1,1,0,0,2,2,0,2,0,12.0,57,anderty01
31,Mark Appel,30,PHI,10.1,6,6,3,0,0,0,0,0,,0,0,0,0,,9,.298,0,1,5,3,0,3,0,6,4,0,4,1,5.2,25,appelma01
32,Víctor Arano,27,WSN,42.0,43,43,7,1,1,2,1,1,50%,9,7,25,12,48%,7,.899,13,8,22,15,4,24,17,26,7,10,8,6,2.9,16,aranovi01
33,Orlando Arcia,27,ATL,1.0,1,1,1,0,0,0,0,0,,0,0,0,0,,8,.000,0,0,1,0,0,1,0,1,0,0,0,0,3.0,10,arciaor01
34,Kohei Arihara,29,TEX,20.0,5,1,0,0,0,0,0,0,,0,0,0,0,,6,.830,0,0,1,0,0,1,0,1,1,0,1,0,6.0,41,arihako01
35,Shawn Armstrong,31,TOT,61.2,50,47,19,2,2,5,2,3,40%,7,2,22,9,41%,,.696,10,5,32,22,2,23,13,34,16,10,18,9,3.4,20,armstsh01
36,Shawn Armstrong,31,MIA,6.2,7,7,1,0,0,0,0,0,,0,0,3,1,33%,8,.533,0,1,6,2,0,5,2,5,1,2,2,2,2.9,18,armstsh01
37,Shawn Armstrong,31,TBR,55.0,43,40,18,2,2,5,2,3,40%,7,2,19,8,42%,9,.720,10,4,26,20,2,18,11,29,15,8,16,7,3.6,20,armstsh01
38,Aaron Ashby,24,MIL,107.1,27,8,2,0,2,1,1,0,100%,2,1,2,1,50%,6,1.120,0,5,3,4,2,2,2,6,7,0,7,0,7.3,42,ashbyaa01
39,Javier Assad,24,CHC,37.2,9,1,0,0,0,0,0,0,,0,0,0,0,,6,1.000,0,0,1,0,0,1,0,1,0,0,0,0,3.0,21,assadja01
40,Willians Astudillo,30,MIA,2.0,2,2,2,0,0,0,0,0,,0,0,0,0,,9,.000,0,0,2,0,0,2,0,2,0,0,0,0,3.0,12,astudwi01
41,Pedro Avila,25,SDP,4.0,2,2,1,0,0,0,0,0,,0,0,0,0,,9,.010,0,0,2,1,0,1,0,2,1,0,1,0,6.0,35,avilape01
42,Michel Báez,26,SDP,2.0,2,2,2,0,0,0,0,0,,0,0,0,0,,9,.003,0,0,2,1,0,1,0,2,0,0,0,0,3.0,13,baezmi01
43,Pedro Báez,34,HOU,2.1,3,3,1,0,0,0,0,0,,0,0,0,0,,9,.036,0,0,3,1,0,2,0,3,0,2,0,0,2.3,24,baezpe01
44,Bryan Baker,27,BAL,69.2,66,64,11,4,2,3,1,2,33%,12,9,29,9,31%,7,1.061,19,24,21,19,14,31,23,41,17,21,23,6,3.1,18,bakerbr01
45,Anthony Banda,28,TOT,26.2,32,31,3,1,0,0,0,0,,2,2,21,9,43%,,.733,5,9,17,8,3,20,13,18,5,13,7,4,2.5,17,bandaan01
46,Anthony Banda,28,TOT,7.0,9,8,2,0,0,0,0,0,,0,0,3,1,33%,,.358,1,0,7,2,0,6,2,6,0,2,2,1,2.5,20,bandaan01
47,Anthony Banda,28,PIT,19.2,23,23,1,1,0,0,0,0,,2,2,18,8,44%,6,.874,4,9,10,6,3,14,11,12,5,11,5,3,2.6,16,bandaan01
48,Anthony Banda,28,TOR,6.1,7,6,2,0,0,0,0,0,,0,0,2,0,0%,8,.451,1,0,5,2,0,4,1,5,0,0,1,1,3.0,18,bandaan01
49,Anthony Banda,28,NYY,0.2,2,2,0,0,0,0,0,0,,0,0,1,1,100%,8,.107,0,0,2,0,0,2,1,1,0,2,1,0,1.0,26,bandaan01
50,Tanner Banks,30,CHW,53.0,35,35,15,2,0,0,0,0,,1,1,9,5,56%,8,.412,3,5,27,9,2,24,5,30,19,5,20,4,4.5,26,banksta01
51,Manny Banuelos,31,TOT,41.0,35,35,7,2,1,2,1,1,50%,8,5,24,9,38%,,.909,9,10,16,15,5,15,15,20,14,7,17,2,3.5,21,banuema01
52,Manny Banuelos,31,NYY,8.1,4,4,3,0,0,1,1,0,100%,1,0,2,2,100%,7,.055,0,0,4,3,0,1,1,3,4,0,4,0,6.3,34,banuema01
53,Manny Banuelos,31,PIT,32.2,31,31,4,2,1,1,0,1,0%,7,5,22,7,32%,7,1.123,9,10,12,12,5,14,14,17,10,7,13,2,3.2,19,banuema01
54,Daniel Bard,37,COL,60.1,57,57,48,6,4,37,34,3,92%,37,0,2,0,0%,9,2.246,42,9,6,41,14,2,1,56,6,3,6,12,3.2,17,bardda01
55,Luke Bard,31,TOT,15.0,9,9,5,1,1,1,0,1,0%,1,0,0,0,,,1.032,1,2,6,2,1,6,1,8,5,0,5,0,5.0,27,bardlu01
56,Luke Bard,31,TBR,14.0,8,8,4,1,1,1,0,1,0%,1,0,0,0,,7,1.084,1,2,5,2,1,5,1,7,5,0,5,0,5.3,28,bardlu01
57,Luke Bard,31,NYY,1.0,1,1,1,0,0,0,0,0,,0,0,0,0,,8,.070,0,0,1,0,0,1,0,1,0,0,0,0,3.0,16,bardlu01
58,Luke Barker,30,MIL,4.0,3,3,2,0,0,0,0,0,,0,0,0,0,,9,.015,0,0,3,0,0,3,0,3,1,0,1,0,4.0,18,barkelu01
59,Joe Barlow,26,TEX,35.0,35,35,26,3,1,17,13,4,76%,17,0,2,0,0%,9,1.196,12,10,13,24,3,8,4,31,1,1,1,8,3.0,16,barlojo01
60,Scott Barlow,29,KCR,74.1,69,69,47,7,4,28,24,4,86%,34,6,37,13,35%,9,1.683,37,14,18,46,14,9,20,49,16,11,16,16,3.2,17,barlosc01
61,Jacob Barnes,32,TOT,22.1,23,23,3,3,1,1,0,1,0%,4,2,6,2,33%,,.563,2,7,14,6,2,15,4,19,4,5,4,0,2.9,16,barneja01
62,Jacob Barnes,32,DET,20.2,22,22,2,3,1,1,0,1,0%,4,2,6,2,33%,6,.613,2,7,13,5,2,15,4,18,3,5,3,0,2.8,15,barneja01
63,Jacob Barnes,32,NYY,1.2,1,1,1,0,0,0,0,0,,0,0,0,0,,8,.011,0,0,1,1,0,0,0,1,1,0,1,0,5.0,25,barneja01
64,Matt Barnes,32,BOS,39.2,44,44,16,0,4,10,8,2,80%,14,4,3,0,0%,9,1.298,18,9,17,20,9,15,3,41,0,9,2,7,2.7,16,barnema01
65,Tucker Barnhart,31,DET,1.0,1,1,1,0,0,0,0,0,,0,0,0,0,,9,.000,0,0,1,0,0,1,0,1,0,0,0,0,3.0,17,barnhtu01
66,Kyle Barraclough,32,LAA,9.0,8,8,3,0,1,0,0,0,,2,2,3,0,0%,8,1.178,2,1,5,4,0,4,3,5,2,1,2,2,3.4,17,barraky01
67,Jaime Barria,25,LAA,79.1,35,34,21,3,2,3,0,3,0%,8,5,19,8,42%,8,.721,8,6,20,10,3,21,13,21,25,3,26,0,6.6,31,barrija01
68,Anthony Bass,34,TOT,70.1,73,73,12,4,3,4,0,4,0%,27,23,31,7,23%,,1.272,31,20,22,38,16,19,20,53,8,16,10,21,2.9,14,bassan01
69,Anthony Bass,34,MIA,44.2,45,45,7,2,3,3,0,3,0%,19,16,16,3,19%,7,1.429,23,12,10,23,12,10,11,34,5,8,7,12,3.0,14,bassan01
70,Anthony Bass,34,TOR,25.2,28,28,5,2,0,1,0,1,0%,8,7,15,4,27%,7,1.005,8,8,12,15,4,9,9,19,3,8,3,9,2.8,13,bassan01
71,Matthew Batten,27,SDP,2.0,2,2,2,0,0,0,0,0,,0,0,0,0,,9,.000,0,0,2,0,0,2,0,2,0,0,0,0,3.0,13,battema01
72,Mike Baumann,26,BAL,34.1,13,9,2,1,2,0,0,0,,1,1,4,1,25%,6,.865,1,3,5,4,0,5,2,7,7,1,7,0,5.3,32,baumami01
73,Félix Bautista,27,BAL,65.2,65,65,30,4,4,17,15,2,88%,31,13,36,7,19%,9,1.614,34,12,19,41,10,14,25,40,18,15,20,16,3.0,15,bautife01
74,Eduard Bazardo,26,BOS,16.1,12,12,4,1,0,0,0,0,,0,0,3,3,100%,8,.303,0,1,11,3,1,8,1,11,5,0,5,1,4.1,20,bazared01
75,Jeremy Beasley,26,TOR,15.0,9,9,5,0,0,0,0,0,,0,0,2,1,50%,8,.052,0,0,9,4,0,5,2,7,5,0,6,1,5.0,30,beaslje01
76,David Bednar,27,PIT,51.2,45,45,34,3,4,23,19,4,83%,27,4,8,1,13%,9,1.964,27,9,9,31,7,7,10,35,10,5,10,8,3.4,19,bednada01
77,Tyler Beede,29,TOT,61.1,31,26,6,2,2,1,0,1,0%,4,3,10,3,30%,,.690,1,8,17,8,2,16,6,20,19,1,19,0,5.3,29,beedety01
78,Tyler Beede,29,SFG,9.2,6,6,3,0,0,0,0,0,,0,0,2,1,50%,7,.056,0,0,6,2,0,4,2,4,5,0,5,0,4.8,29,beedety01
79,Tyler Beede,29,PIT,51.2,25,20,3,2,2,1,0,1,0%,4,3,8,2,25%,7,.818,1,8,11,6,2,12,4,16,14,1,14,0,5.5,29,beedety01
80,Jalen Beeks,28,TBR,61.0,42,35,8,2,3,6,2,4,33%,11,5,9,3,33%,7,1.189,11,9,15,17,5,13,8,27,18,3,18,2,4.1,23,beeksja02
81,Andrew Bellatti,30,PHI,54.1,59,58,16,4,4,3,2,1,67%,12,9,32,9,28%,7,1.007,16,15,27,21,8,29,22,36,4,14,4,12,2.8,16,bellaan01
82,Brayan Bello,23,BOS,57.1,13,2,0,0,1,0,0,0,,0,0,0,0,,4,1.151,0,1,1,0,1,1,0,2,1,1,1,0,7.5,39,bellobr01
83,Anthony Bender,27,MIA,19.1,22,22,11,1,3,8,6,2,75%,11,3,12,3,25%,9,1.801,10,8,4,12,5,5,6,16,2,6,3,7,2.6,12,bendean01
84,Brennan Bernardino,30,SEA,2.1,2,2,2,0,1,0,0,0,,0,0,0,0,,10,.905,1,0,1,0,1,1,1,1,1,1,1,0,3.5,21,bernabr01
85,Christian Bethancourt,30,TOT,4.0,4,4,4,0,0,0,0,0,,0,0,0,0,,,.006,0,0,4,2,0,2,0,4,0,0,0,0,3.0,13,bethach01
86,Christian Bethancourt,30,OAK,1.0,1,1,1,0,0,0,0,0,,0,0,0,0,,8,.000,0,0,1,0,0,1,0,1,0,0,0,0,3.0,12,bethach01
87,Christian Bethancourt,30,TBR,3.0,3,3,3,0,0,0,0,0,,0,0,0,0,,9,.007,0,0,3,2,0,1,0,3,0,0,0,0,3.0,13,bethach01
88,Phil Bickford,26,LAD,61.0,60,60,13,2,1,1,0,1,0%,8,7,12,5,42%,8,.593,6,16,38,35,5,20,8,52,10,12,10,14,3.1,17,bickfph01
89,Brandon Bielak,26,HOU,12.1,5,5,2,0,0,0,0,0,,1,1,1,0,0%,6,.326,0,2,3,3,0,2,1,4,4,0,4,0,7.4,45,bielabr01
90,Jake Bird,26,COL,47.2,38,38,11,2,4,1,0,1,0%,6,5,16,6,38%,7,.826,6,9,23,9,6,23,12,26,16,8,17,5,3.8,20,birdja01
91,Ty Blach,31,COL,44.1,24,23,10,1,0,2,1,1,50%,2,0,14,4,29%,8,.474,2,4,17,5,1,17,6,17,12,2,12,1,5.4,27,blachty01
92,Ronel Blanco,28,HOU,6.1,7,7,3,0,0,0,0,0,,0,0,6,2,33%,7,.456,0,3,4,1,0,6,4,3,2,3,2,1,2.7,17,blancro01
93,Richard Bleier,35,MIA,50.2,55,54,12,2,1,5,1,4,20%,12,7,27,14,52%,8,.899,13,11,30,19,4,31,18,36,6,16,12,12,2.8,14,bleieri01
94,Ronald Bolaños,25,KCR,18.1,8,8,4,0,0,0,0,0,,0,0,6,3,50%,7,.401,1,0,7,1,0,7,3,5,7,1,7,0,6.9,42,bolanro01
95,Ryan Borucki,28,TOT,25.1,32,32,4,2,0,0,0,0,,6,6,14,8,57%,,.994,9,7,16,12,3,17,11,21,3,14,5,5,2.4,13,borucry01
96,Ryan Borucki,28,TOR,6.1,11,11,2,0,0,0,0,0,,2,2,6,4,67%,8,1.120,3,2,6,4,2,5,4,7,0,7,1,2,1.7,12,borucry01
97,Ryan Borucki,28,SEA,19.0,21,21,2,2,0,0,0,0,,4,4,8,4,50%,7,.940,6,5,10,8,1,12,7,14,3,7,4,3,2.7,13,borucry01
98,Brad Boxberger,34,MIL,64.0,70,70,9,4,3,8,1,7,13%,38,30,26,11,42%,7,1.838,45,12,13,44,16,10,16,54,2,15,4,18,2.7,16,boxbebr01
99,Matthew Boyd,31,SEA,13.1,10,10,1,2,0,0,0,0,,1,1,0,0,,8,.962,1,2,7,3,1,6,1,9,4,2,5,0,4.0,19,boydma01
100,Silvino Bracho,29,ATL,4.1,3,3,2,0,0,0,0,0,,0,0,1,1,100%,9,.211,0,1,2,1,0,2,1,2,1,0,1,0,4.3,22,brachsi01
101,Archie Bradley,29,LAA,18.2,21,21,6,0,1,4,2,2,50%,8,4,16,5,31%,7,1.218,6,9,6,8,2,11,10,11,3,9,5,3,2.7,15,bradlar01
102,Jackie Bradley Jr.,32,BOS,1.0,1,1,1,0,0,0,0,0,,0,0,0,0,,9,.020,0,0,1,0,0,1,0,1,0,0,0,0,3.0,30,bradlja02
103,Matt Brash,24,SEA,50.2,39,34,3,3,1,0,0,0,,9,9,20,3,15%,7,1.161,10,7,17,17,4,13,12,22,3,10,5,7,2.7,16,brashma01
104,Ryan Brasier,34,BOS,62.1,68,68,11,0,3,5,1,4,20%,18,13,23,12,52%,8,1.054,18,23,27,31,10,27,15,53,3,17,6,12,2.8,14,brasiry01
105,Steven Brault,30,CHC,9.0,9,9,1,0,0,1,0,1,0%,2,1,8,5,63%,7,1.506,5,1,3,2,3,4,6,3,4,4,4,3,3.0,17,braulst01
106,Huascar Brazoban,32,MIA,32.0,27,27,2,1,1,1,0,1,0%,5,4,15,6,40%,7,1.102,8,12,7,8,7,12,12,15,9,6,9,7,3.6,23,brazohu01
107,John Brebbia,32,SFG,68.0,76,65,4,6,2,4,0,4,0%,23,18,24,7,29%,8,1.301,21,28,16,32,14,19,17,48,5,22,7,15,2.6,14,brebbjo01
108,Jake Brentz,27,KCR,5.1,8,8,1,0,3,0,0,0,,2,2,2,0,0%,7,1.427,5,1,2,2,4,2,1,7,0,5,1,1,2.0,20,brentja01
109,Austin Brice,30,PIT,6.2,4,4,2,0,0,0,0,0,,0,0,2,0,0%,7,.184,0,0,4,0,0,4,1,3,3,0,3,0,5.0,27,briceau01
110,Jeff Brigham,30,MIA,24.0,16,16,2,0,1,1,1,0,100%,4,3,13,1,8%,7,.887,4,4,8,5,1,10,8,8,10,3,10,1,4.5,26,brighje01
111,Zack Britton,34,NYY,0.2,3,3,0,0,0,0,0,0,,2,2,2,1,50%,6,2.037,1,1,1,2,1,0,1,2,0,3,0,0,0.7,12,brittza01
112,Connor Brogdon,27,PHI,44.0,47,47,11,2,2,4,2,2,50%,10,6,28,9,32%,7,.956,7,16,24,21,7,19,16,31,3,9,6,5,2.8,15,brogdco01
113,Aaron Brooks,32,STL,9.1,5,5,3,0,0,0,0,0,,0,0,0,0,,8,.178,0,0,5,1,0,4,0,5,3,0,3,0,5.6,31,brookaa01
114,Mike Brosseau,28,MIL,3.0,3,3,3,0,0,0,0,0,,0,0,1,0,0%,9,.003,0,0,3,1,0,2,1,2,0,0,0,0,3.0,14,brossmi01
115,Hunter Brown,23,HOU,20.1,7,5,0,0,0,0,0,0,,1,1,0,0,,7,.839,0,2,3,4,0,1,0,5,2,0,2,0,5.0,30,brownhu01
116,Justin Bruihl,25,LAD,23.2,24,24,11,1,1,2,1,1,50%,5,3,5,0,0%,9,.868,7,4,13,11,4,9,4,20,5,6,6,5,3.0,14,bruihju01
117,Kris Bubic,24,KCR,129.0,28,1,1,0,0,0,0,0,,0,0,0,0,,9,1.089,0,0,1,1,0,0,0,1,0,0,0,0,3.0,14,bubickr01
118,Aaron Bummer,28,CHW,26.2,32,32,3,2,1,6,2,4,33%,16,10,19,8,42%,7,1.728,14,7,11,19,2,11,13,19,2,14,3,5,2.5,14,bummeaa01
119,Brock Burke,25,TEX,82.1,52,52,5,7,5,5,0,5,0%,14,9,11,2,18%,6,1.131,18,16,18,19,11,22,8,44,34,3,34,1,4.8,26,burkebr01
120,Ryan Burr,28,CHW,9.0,8,8,2,1,1,0,0,0,,1,1,1,0,0%,8,.848,3,0,5,1,2,5,2,6,1,0,3,2,3.4,19,burrry01
121,Matt Bush,36,TOT,59.2,65,59,11,2,3,10,3,7,30%,28,18,16,0,0%,,1.320,28,15,16,36,12,11,11,48,2,10,4,13,2.8,14,bushma01
122,Matt Bush,36,TEX,36.2,40,35,7,2,1,4,1,3,25%,13,9,11,0,0%,8,1.248,16,8,11,19,8,8,6,29,0,6,1,7,2.7,14,bushma01
123,Matt Bush,36,MIL,23.0,25,24,4,0,2,6,2,4,33%,15,9,5,0,0%,8,1.436,12,7,5,17,4,3,5,19,2,4,3,6,2.8,15,bushma01
124,Génesis Cabrera,25,STL,44.2,39,39,4,4,2,2,1,1,50%,15,13,16,8,50%,8,1.299,16,10,13,24,8,7,12,27,12,11,17,5,3.4,19,cabrege01
125,Yennier Cano,28,TOT,18.0,13,13,3,1,1,0,0,0,,0,0,3,0,0%,,.373,1,3,9,3,0,10,1,12,7,3,7,1,4.2,30,canoye01
126,Yennier Cano,28,MIN,13.2,10,10,2,1,0,0,0,0,,0,0,3,0,0%,9,.400,1,2,7,3,0,7,1,9,5,2,5,1,4.1,28,canoye01
127,Yennier Cano,28,BAL,4.1,3,3,1,0,1,0,0,0,,0,0,0,0,,8,.303,0,1,2,0,0,3,0,3,2,1,2,0,4.3,37,canoye01
128,Victor Caratini,28,MIL,1.0,1,1,1,0,0,0,0,0,,0,0,0,0,,8,.006,0,0,1,0,0,1,0,1,0,0,0,0,3.0,14,caratvi01
129,Drew Carlton,26,DET,8.2,5,5,4,0,0,0,0,0,,0,0,1,1,100%,8,.081,0,0,5,0,0,5,1,4,3,1,3,0,5.2,24,carltdr01
130,Daniel Castano,27,MIA,35.2,10,3,3,0,1,0,0,0,,0,0,0,0,,9,1.103,0,0,3,1,0,2,0,3,1,0,1,1,4.0,21,castada01
131,Ryan Castellani,26,OAK,2.2,3,3,1,0,0,0,0,0,,1,1,5,1,20%,9,1.235,1,0,2,1,0,2,3,0,1,2,2,0,2.7,15,castery01
132,Humberto Castellanos,24,ARI,44.1,11,2,1,0,0,0,0,0,,0,0,0,0,,8,.862,0,0,2,0,0,2,0,2,1,0,1,0,4.5,26,castehu01
133,Diego Castillo,28,SEA,54.1,59,59,23,7,3,7,7,0,100%,16,9,12,3,25%,9,1.434,24,9,26,28,15,16,10,49,2,12,3,11,2.8,14,castidi01
134,Diego Castillo,24,PIT,2.0,2,2,2,0,0,0,0,0,,0,0,0,0,,9,.000,0,0,2,0,0,2,0,2,0,0,0,0,3.0,30,castidi02
135,José Castillo,26,SDP,1.0,1,1,0,0,0,0,0,0,,0,0,0,0,,7,.044,0,0,1,0,0,1,0,1,0,0,0,0,3.0,16,castijo03
136,Luis Castillo,27,DET,3.2,3,3,1,0,0,0,0,0,,0,0,2,0,0%,9,.076,0,0,3,1,0,2,1,2,1,0,1,0,3.7,20,castilu03
137,Max Castillo,23,TOT,39.1,14,8,4,0,0,0,0,0,,0,0,1,1,100%,,.670,0,0,8,2,0,6,1,7,4,1,4,1,5.0,30,castima03
138,Max Castillo,23,TOR,20.2,9,7,4,0,0,0,0,0,,0,0,1,1,100%,8,.413,0,0,7,2,0,5,1,6,4,0,4,1,5.7,32,castima03
139,Max Castillo,23,KCR,18.2,5,1,0,0,0,0,0,0,,0,0,0,0,,7,.903,0,0,1,0,0,1,0,1,0,1,0,0,0.0,20,castima03
140,Anthony Castro,27,CLE,13.1,12,12,2,0,0,1,0,1,0%,1,0,7,2,29%,7,.386,1,3,8,2,1,9,3,9,2,4,2,1,3.3,22,castran02
141,Harold Castro,28,DET,4.0,4,4,3,0,0,0,0,0,,0,0,0,0,,8,.005,0,0,4,1,0,3,0,4,0,0,0,0,3.0,13,castrha01
142,Kervin Castro,23,TOT,12.1,10,10,6,0,1,0,0,0,,0,0,1,0,0%,,.544,1,1,8,2,1,7,1,9,3,1,3,2,3.7,24,castrke01
143,Kervin Castro,23,SFG,1.2,2,2,1,0,0,0,0,0,,0,0,0,0,,9,.065,0,0,2,1,0,1,0,2,0,1,0,0,2.5,24,castrke01
144,Kervin Castro,23,CHC,10.2,8,8,5,0,1,0,0,0,,0,0,1,0,0%,9,.658,1,1,6,1,1,6,1,7,3,0,3,2,4.0,24,castrke01
145,Miguel Castro,27,NYY,29.0,34,34,2,5,0,1,0,1,0%,11,9,15,5,33%,8,1.083,6,16,12,18,4,12,10,24,4,13,5,6,2.6,15,castrmi01
146,Luis Cessa,30,CIN,80.2,46,36,1,3,1,1,0,1,0%,6,5,19,8,42%,7,.831,7,5,24,8,3,25,14,22,8,7,9,3,3.1,16,cessalu01
147,Jhoulys Chacín,34,COL,47.1,35,35,7,4,2,0,0,0,,2,2,34,8,24%,7,.615,9,4,22,8,3,24,18,17,20,5,21,3,4.1,22,chacijh01
148,Andrew Chafin,32,DET,57.1,64,64,10,2,3,4,3,1,75%,23,19,36,5,14%,7,1.340,25,16,23,32,8,24,22,42,8,19,11,13,2.7,14,chafian01
149,Yu Chang,26,TBR,2.0,2,2,2,0,0,0,0,0,,0,0,0,0,,9,.005,0,0,2,0,0,2,0,2,0,0,0,0,3.0,13,changyu01
150,Aroldis Chapman,34,NYY,36.1,43,43,19,4,4,9,9,0,100%,11,1,5,2,40%,9,1.272,15,10,18,21,10,12,3,40,1,10,1,10,2.5,16,chapmar01
151,JT Chargois,31,TBR,22.1,21,18,3,2,0,0,0,0,,4,3,7,0,0%,6,.868,4,5,9,8,2,8,6,12,3,4,5,4,3.1,15,chargjt01
152,Jesse Chavez,38,TOT,69.1,60,59,14,4,3,5,0,5,0%,15,10,37,13,35%,,.766,12,14,33,28,3,28,22,37,19,11,22,5,3.5,20,chaveje01
153,Jesse Chavez,38,TOT,58.2,49,48,8,3,3,3,0,3,0%,13,10,31,10,32%,,.769,11,13,24,24,3,21,19,29,18,10,20,3,3.6,20,chaveje01
154,Jesse Chavez,38,CHC,5.2,3,3,0,0,0,1,0,1,0%,1,0,4,1,25%,6,.680,0,1,2,1,0,2,2,1,2,1,2,0,5.7,28,chaveje01
155,Jesse Chavez,38,ATL,53.0,46,45,8,3,3,2,0,2,0%,12,10,27,9,33%,7,.779,11,12,22,23,3,19,17,28,16,9,18,3,3.5,19,chaveje01
156,Jesse Chavez,38,LAA,10.2,11,11,6,1,0,2,0,2,0%,2,0,6,3,50%,9,.752,1,1,9,4,0,7,3,8,1,1,2,2,2.9,21,chaveje01
157,Yonny Chirinos,28,TBR,7.0,2,1,0,1,0,0,0,0,,0,0,0,0,,4,1.268,0,1,0,0,1,0,0,1,1,0,1,0,9.0,53,chiriyo01
158,Adam Cimber,31,TOR,70.2,77,77,15,10,6,8,4,4,50%,28,19,31,9,29%,7,1.316,30,27,20,40,20,17,20,57,8,25,10,20,2.8,14,cimbead01
159,Steve Cishek,36,WSN,66.1,69,69,12,1,4,3,1,2,33%,10,6,31,14,45%,7,.807,14,16,39,16,7,46,20,49,11,17,12,12,2.9,17,cishest01
160,José Cisnero,33,DET,25.0,28,28,6,1,0,0,0,0,,5,5,9,2,22%,8,.971,6,6,16,8,3,17,6,22,1,7,1,2,2.7,15,cisnejo01
161,Taylor Clarke,29,KCR,49.0,47,47,8,3,1,8,3,5,38%,18,10,22,10,45%,8,1.114,19,10,18,26,5,16,15,32,10,10,11,10,3.1,18,clarkta01
162,Emmanuel Clase,24,CLE,72.2,77,77,67,3,4,46,42,4,91%,46,0,5,2,40%,9,1.735,39,8,30,63,9,5,11,66,0,7,0,26,2.8,12,claseem01
163,Alex Claudio,30,NYM,3.1,3,3,2,0,0,0,0,0,,0,0,0,0,,9,.039,0,0,3,2,0,1,0,3,1,0,1,0,3.3,17,claudal01
164,Sam Clay,29,TOT,5.1,7,7,1,0,0,0,0,0,,0,0,1,1,100%,,.389,0,1,6,2,0,5,1,6,0,3,0,2,2.3,14,claysa01
165,Sam Clay,29,WSN,4.1,6,6,0,0,0,0,0,0,,0,0,1,1,100%,6,.485,0,1,5,1,0,5,1,5,0,3,0,2,2.2,13,claysa01
166,Sam Clay,29,NYM,1.0,1,1,1,0,0,0,0,0,,0,0,0,0,,9,.020,0,0,1,1,0,0,0,1,0,0,0,0,3.0,25,claysa01
167,Garrett Cleavinger,28,TOT,23.0,17,17,3,1,1,1,0,1,0%,2,1,3,0,0%,,.701,2,6,9,8,1,8,2,15,9,2,9,1,4.1,21,cleavga01
168,Garrett Cleavinger,28,LAD,4.1,4,4,1,0,1,1,0,1,0%,1,0,0,0,,8,.806,1,0,3,3,0,1,0,4,1,1,1,0,3.3,25,cleavga01
169,Garrett Cleavinger,28,TBR,18.2,13,13,2,1,0,0,0,0,,1,1,3,0,0%,6,.664,1,6,6,5,1,7,2,11,8,1,8,1,4.3,19,cleavga01
170,Kody Clemens,26,DET,7.0,7,7,6,0,0,0,0,0,,0,0,0,0,,9,.001,0,0,7,0,0,7,0,7,0,0,0,0,3.0,13,clemeko01
171,Ernie Clement,26,CLE,2.0,2,2,2,0,0,0,0,0,,0,0,0,0,,9,.000,0,0,2,0,0,2,0,2,0,0,0,0,3.0,21,clemeer01
172,Mike Clevinger,31,SDP,114.1,23,1,0,0,0,0,0,0,,0,0,1,0,0%,5,.956,0,0,1,0,0,1,1,0,1,0,1,0,6.0,39,clevimi01
173,Tyler Clippard,37,WSN,5.0,4,4,3,0,0,0,0,0,,0,0,0,0,,8,.190,0,0,4,0,0,4,0,4,1,0,1,0,3.8,28,clippty01
174,Dylan Coleman,25,KCR,68.0,68,68,9,5,2,3,0,3,0%,20,16,26,9,35%,8,1.258,23,19,26,30,10,28,17,51,9,14,11,16,3.0,18,colemdy01
175,Alex Colomé,33,COL,47.0,53,53,13,2,7,7,4,3,57%,14,7,0,0,,8,1.475,28,6,19,22,18,13,1,52,0,11,0,10,2.7,15,colomal01
176,Roansy Contreras,22,PIT,95.0,21,3,1,1,0,0,0,0,,1,0,0,0,,6,.993,0,1,2,1,0,2,0,3,3,0,3,0,7.7,43,contrro01
177,Sam Coonrod,29,PHI,12.2,12,12,3,0,0,0,0,0,,3,3,1,0,0%,8,.318,1,3,8,4,0,8,1,11,1,1,2,1,3.2,20,coonrsa01
178,Jharel Cotton,30,TOT,43.0,30,30,9,4,2,2,0,2,0%,6,2,9,6,67%,,.776,6,9,15,15,3,12,7,23,10,3,10,1,4.3,25,cottojh01
179,Jharel Cotton,30,MIN,35.0,25,25,7,2,2,2,0,2,0%,5,2,8,6,75%,7,.706,4,8,13,13,2,10,5,20,8,2,8,1,4.2,23,cottojh01
180,Jharel Cotton,30,SFG,8.0,5,5,2,2,0,0,0,0,,1,0,1,0,0%,10,1.050,2,1,2,2,1,2,2,3,2,1,2,0,4.8,32,cottojh01
181,Danny Coulombe,32,MIN,12.1,10,10,3,0,0,0,0,0,,0,0,3,1,33%,8,.564,0,4,6,4,2,4,2,8,4,3,5,0,3.7,23,couloda01
182,Jake Cousins,27,MIL,13.1,12,12,6,2,1,1,0,1,0%,2,1,5,2,40%,9,.888,3,4,5,7,3,2,3,9,4,1,4,3,3.3,22,cousija01
183,Kutter Crawford,26,BOS,77.1,21,9,3,2,1,0,0,0,,0,0,4,2,50%,8,.930,1,3,5,2,4,3,3,6,6,3,7,0,5.3,35,crawfku01
184,Kyle Crick,29,CHW,15.2,14,14,3,2,0,0,0,0,,3,3,6,2,33%,6,.667,1,5,8,5,0,9,4,10,5,3,6,1,3.4,20,crickky01
185,Nabil Crismatt,27,SDP,67.1,50,49,14,5,2,4,0,4,0%,10,5,12,7,58%,7,.903,11,15,23,18,10,21,9,40,18,8,18,7,3.9,21,crismna01
186,Wil Crowe,27,PIT,76.0,60,59,20,6,10,10,4,6,40%,26,16,19,6,32%,8,1.454,24,20,15,33,13,13,13,46,25,8,27,6,3.8,23,crowewi01
187,Fernando Cruz,32,CIN,14.2,14,12,1,0,1,1,0,1,0%,2,1,11,5,45%,6,.994,4,5,3,2,2,8,6,6,3,3,3,2,2.8,18,cruzfe01
188,Jesus Cruz,27,ATL,8.2,7,7,4,0,0,0,0,0,,0,0,0,0,,9,.066,0,0,7,4,0,3,0,7,1,0,1,0,3.7,23,cruzje01
189,Jose Cuas,28,KCR,37.2,47,47,4,4,2,1,1,0,100%,12,11,38,8,21%,6,1.245,16,15,16,19,6,22,22,25,6,24,11,13,2.4,15,cuasjo01
190,Johnny Cueto,36,CHW,158.1,25,1,0,0,0,1,0,1,0%,1,0,0,0,,3,.918,0,1,0,1,0,0,0,1,1,0,1,0,15.0,77,cuetojo01
191,Charlie Culberson,33,TEX,2.0,2,2,2,0,0,0,0,0,,0,0,0,0,,9,.000,0,0,2,0,0,2,0,2,0,0,0,0,3.0,14,culbech01
192,Tyler Cyr,29,TOT,13.1,12,12,3,1,0,0,0,0,,1,1,3,1,33%,,.504,3,2,7,4,3,5,3,9,2,3,3,1,3.3,19,cyrty01
193,Tyler Cyr,29,PHI,0.1,1,1,1,0,0,0,0,0,,0,0,0,0,,9,.303,0,0,1,0,0,1,0,1,0,1,0,0,1.0,9,cyrty01
194,Tyler Cyr,29,OAK,13.0,11,11,2,1,0,0,0,0,,1,1,3,1,33%,8,.516,3,2,6,4,3,4,3,8,2,2,3,1,3.5,20,cyrty01
195,Tyler Danish,27,BOS,40.1,32,32,10,3,1,0,0,0,,3,3,7,3,43%,8,.635,5,5,22,12,4,16,4,28,11,5,16,3,3.8,21,danisty01
196,Tucker Davidson,26,TOT,52.0,12,1,1,0,0,0,0,0,,0,0,2,1,50%,,.884,0,0,1,0,0,1,1,0,1,0,1,0,8.0,58,davidtu01
197,Tucker Davidson,26,ATL,15.1,4,1,1,0,0,0,0,0,,0,0,2,1,50%,7,.945,0,0,1,0,0,1,1,0,1,0,1,0,8.0,58,davidtu01
198,Austin Davis,29,TOT,56.0,52,49,12,2,1,1,0,1,0%,4,3,24,10,42%,,.495,9,9,31,12,7,30,13,36,9,18,14,8,3.0,21,davisau01
199,Austin Davis,29,BOS,54.1,50,47,10,2,1,1,0,1,0%,4,3,24,10,42%,8,.511,9,9,29,12,7,28,13,34,9,17,14,8,3.1,21,davisau01
200,Austin Davis,29,MIN,1.2,2,2,2,0,0,0,0,0,,0,0,0,0,,8,.081,0,0,2,0,0,2,0,2,0,1,0,0,2.5,27,davisau01
201,Noah Davis,25,COL,1.0,1,1,0,0,0,0,0,0,,0,0,0,0,,7,.143,0,0,1,0,0,1,0,1,0,0,0,0,3.0,32,davisno01
202,Angel De Jesus,25,DET,12.2,8,8,3,0,0,0,0,0,,0,0,2,0,0%,8,.176,0,0,8,2,0,6,2,6,6,0,6,1,4.8,24,dejesan01
203,Chase De Jong,28,PIT,71.2,42,42,16,6,3,4,1,3,25%,8,3,22,5,23%,7,.775,8,9,25,10,4,28,14,28,31,3,31,0,5.1,28,dejonch01
204,Enyel De Los Santos,26,CLE,53.1,50,50,11,5,0,2,1,1,50%,5,3,33,9,27%,7,.823,13,8,29,14,7,29,19,31,14,11,15,2,3.2,17,delosen01
205,Yerry De Los Santos,24,PIT,25.2,26,26,13,0,3,5,3,2,60%,7,2,11,5,45%,8,1.203,9,7,10,11,5,10,7,19,5,7,6,7,3.0,17,delosye01
206,Matt Dermody,31,CHC,1.0,1,1,1,0,0,0,0,0,,0,0,0,0,,8,.081,0,0,1,0,0,1,0,1,0,0,0,0,3.0,26,dermoma01
207,Ross Detwiler,36,CIN,26.1,30,30,7,0,2,1,1,0,100%,2,1,14,5,36%,8,.637,5,5,20,3,6,21,9,21,3,10,6,8,2.6,16,detwiro01
208,Chris Devenski,31,TOT,14.2,13,13,1,2,1,0,0,0,,0,0,3,1,33%,,.735,0,5,8,3,3,7,1,12,4,1,4,0,3.4,19,devench02
209,Chris Devenski,31,ARI,10.2,10,10,0,2,1,0,0,0,,0,0,0,0,,7,.978,0,5,5,3,3,4,0,10,2,1,2,0,3.2,17,devench02
210,Chris Devenski,31,PHI,4.0,3,3,1,0,0,0,0,0,,0,0,3,1,33%,8,.121,0,0,3,0,0,3,1,2,2,0,2,0,4.0,22,devench02
211,Alexis Díaz,25,CIN,63.2,59,59,20,7,3,14,10,4,71%,27,13,27,4,15%,7,1.728,29,12,18,34,9,16,19,40,16,8,17,8,3.2,18,diazal03
212,Edwin Díaz,28,NYM,62.0,61,61,49,3,1,35,32,3,91%,39,4,10,2,20%,9,1.778,31,16,14,47,8,6,10,51,6,6,6,12,3.0,15,diazed04
213,Jhonathan Diaz,25,LAA,15.1,4,1,1,0,0,0,0,0,,0,0,0,0,,5,1.027,0,0,1,0,0,1,0,1,1,0,1,0,12.0,53,diazjh01
214,Miguel Díaz,27,DET,3.2,3,3,0,0,0,0,0,0,,0,0,1,0,0%,6,.868,1,1,1,0,1,2,1,2,2,0,2,1,3.7,19,diazmi02
215,Corey Dickerson,33,STL,1.0,1,1,1,0,0,0,0,0,,0,0,0,0,,9,.000,0,0,1,1,0,0,0,1,0,0,0,0,3.0,18,dickeco01
216,Phillip Diehl,27,CIN,5.2,5,5,1,0,0,0,0,0,,0,0,2,1,50%,7,.236,0,1,4,0,0,5,2,3,2,2,2,0,3.4,24,diehlph01
217,Jake Diekman,35,TOT,57.2,70,70,10,5,4,4,1,3,25%,20,16,33,12,36%,,1.341,21,24,25,29,10,31,26,44,5,28,8,14,2.5,17,diekmja01
218,Jake Diekman,35,BOS,38.1,44,44,8,5,1,4,1,3,25%,16,12,24,9,38%,6,1.574,16,14,14,21,7,16,18,26,5,16,6,10,2.6,18,diekmja01
219,Jake Diekman,35,CHW,19.1,26,26,2,0,3,0,0,0,,4,4,9,3,33%,7,.934,5,10,11,8,3,15,8,18,0,12,2,4,2.2,15,diekmja01
220,Marcos Diplán,25,BAL,5.2,5,5,2,0,0,0,0,0,,0,0,7,4,57%,8,.174,1,0,4,0,0,5,4,1,2,1,2,0,3.4,24,diplama01
221,Seranthony Domínguez,27,PHI,51.0,54,54,16,6,5,11,9,2,82%,27,15,20,7,35%,8,1.600,30,15,9,34,13,7,15,39,6,13,8,11,2.8,15,dominse01
222,Sean Doolittle,35,WSN,5.1,6,6,0,0,0,0,0,0,,2,2,6,1,17%,7,1.231,4,1,1,3,0,3,3,3,0,2,0,0,2.7,9,doolise01
223,Camilo Doval,24,SFG,67.2,68,68,51,6,6,30,27,3,90%,32,1,19,5,26%,9,1.954,35,18,15,40,17,11,15,53,8,9,8,21,3.0,16,dovalca01
224,Kyle Dowdy,29,CIN,6.1,2,2,0,0,0,0,0,0,,0,0,0,0,,6,.166,0,0,2,0,0,2,0,2,2,0,2,0,9.5,48,dowdyky01
225,Hunter Dozier,30,KCR,1.0,1,1,1,0,0,0,0,0,,0,0,0,0,,9,.005,0,0,1,0,0,1,0,1,0,0,0,0,3.0,23,doziehu01
226,Daniel Duarte,25,CIN,2.2,3,3,1,0,0,0,0,0,,0,0,2,2,100%,9,.219,0,0,3,0,0,3,1,2,0,1,0,0,2.7,26,duartda01
227,Tyler Duffey,31,MIN,44.0,40,40,10,2,4,5,2,3,40%,14,9,9,4,44%,8,.943,9,15,16,22,3,15,6,34,8,5,9,2,3.3,19,duffety01
228,Robert Dugger,26,TOT,16.0,4,3,1,0,0,0,0,0,,0,0,1,0,0%,,.539,0,1,2,0,0,3,1,2,3,0,3,0,12.0,70,duggero01
229,Robert Dugger,26,TBR,5.1,1,1,1,0,0,0,0,0,,0,0,0,0,,4,.043,0,0,1,0,0,1,0,1,1,0,1,0,16.0,87,duggero01
230,Robert Dugger,26,CIN,10.2,3,2,0,0,0,0,0,0,,0,0,1,0,0%,3,.787,0,1,1,0,0,2,1,1,2,0,2,0,10.0,62,duggero01
231,Jhoan Duran,24,MIN,67.2,57,57,18,2,4,8,8,0,100%,26,18,9,2,22%,8,1.622,32,11,14,39,15,3,7,50,14,3,15,5,3.6,18,duranjh01
232,Nick Duron,26,PHI,1.0,1,1,0,0,0,0,0,0,,0,0,0,0,,6,.103,0,0,1,0,0,1,0,1,0,0,0,0,3.0,16,duronni01
233,Carl Edwards Jr.,30,WSN,62.0,57,57,8,6,3,5,2,3,40%,18,13,18,4,22%,8,1.344,20,15,22,27,11,19,14,43,13,4,15,13,3.3,18,edwarca01
234,Scott Effross,28,TOT,56.2,60,59,11,1,3,6,4,2,67%,22,16,33,4,12%,,1.560,24,19,16,28,11,20,25,34,10,18,13,13,2.8,14,effrosc01
235,Scott Effross,28,CHC,44.0,47,46,6,1,3,3,1,2,33%,16,13,28,4,14%,7,1.407,17,16,13,22,8,16,21,25,8,16,11,12,2.8,13,effrosc01
236,Scott Effross,28,NYY,12.2,13,13,5,0,0,3,3,0,100%,6,3,5,0,0%,9,2.094,7,3,3,6,3,4,4,9,2,2,2,1,2.9,15,effrosc01
237,Zach Eflin,28,PHI,75.2,20,7,2,0,0,1,1,0,100%,3,2,0,0,,9,.897,2,2,3,4,1,2,1,6,1,0,1,1,3.3,15,eflinza01
238,Bryce Elder,23,ATL,54.0,10,1,1,0,0,0,0,0,,0,0,2,0,0%,6,.832,0,0,1,0,0,1,1,0,1,0,1,0,7.0,50,elderbr01
239,Roenis Elías,33,SEA,7.2,7,7,5,0,0,0,0,0,,0,0,0,0,,9,.208,1,0,6,2,1,4,0,7,1,1,1,0,3.3,16,eliasro01
240,Robbie Erlin,31,LAD,2.0,2,2,2,0,0,0,0,0,,0,0,0,0,,9,.054,0,0,2,1,0,1,0,2,0,0,0,1,3.0,20,erlinro01
241,Alcides Escobar,35,WSN,1.2,2,2,2,0,0,0,0,0,,0,0,0,0,,8,.001,0,0,2,0,0,2,0,2,0,1,0,0,2.5,13,escobal02
242,Raynel Espinal,30,CIN,4.2,2,2,0,0,1,0,0,0,,0,0,0,0,,5,1.252,0,2,0,0,2,0,0,2,2,0,2,0,7.0,38,espinra01
243,Paolo Espino,35,WSN,113.1,42,23,18,0,0,0,0,0,,0,0,9,2,22%,8,.711,0,1,22,4,0,19,3,20,6,2,6,1,3.9,20,espinpa01
244,Anderson Espinoza,24,CHC,18.1,7,7,2,0,2,0,0,0,,0,0,2,1,50%,4,.768,1,3,3,0,2,5,2,5,6,0,6,0,7.9,54,espinan01
245,Carlos Estévez,29,COL,57.0,62,62,20,4,4,6,2,4,33%,19,13,23,6,26%,8,1.100,24,13,25,25,13,24,16,46,6,13,6,11,2.8,16,estevca01
246,Jeremiah Estrada,23,CHC,5.2,5,5,3,0,0,0,0,0,,0,0,5,3,60%,9,.339,1,0,4,0,0,5,2,3,1,1,1,0,3.4,23,estraje01
247,Pete Fairbanks,28,TBR,24.0,24,24,10,0,0,8,8,0,100%,14,6,4,1,25%,9,1.604,12,6,6,18,5,1,3,21,1,1,1,4,3.0,15,fairbpe01
248,Bailey Falter,25,PHI,84.0,20,4,3,0,1,0,0,0,,0,0,0,0,,8,.834,0,1,3,2,1,1,0,4,3,0,3,0,5.5,26,falteba01
249,Jeurys Familia,32,TOT,44.1,48,48,8,2,3,3,0,3,0%,10,7,16,5,31%,,1.017,11,8,29,22,7,19,14,34,5,11,8,9,2.8,17,familje01
250,Jeurys Familia,32,PHI,34.0,38,38,5,1,1,2,0,2,0%,8,6,13,5,38%,7,.999,9,6,23,18,6,14,10,28,2,9,5,8,2.7,16,familje01
251,Jeurys Familia,32,BOS,10.1,10,10,3,1,2,1,0,1,0%,2,1,3,0,0%,6,1.077,2,2,6,4,1,5,4,6,3,2,3,1,3.1,20,familje01
252,Buck Farmer,31,CIN,47.0,44,44,10,2,2,3,2,1,67%,8,5,25,9,36%,7,.895,15,12,17,14,10,20,13,31,10,10,13,8,3.2,19,farmebu01
253,Luke Farrell,31,TOT,15.0,6,4,2,0,0,0,0,0,,0,0,1,0,0%,,.423,0,0,4,0,0,4,1,3,3,0,3,0,6.5,46,farrelu01
254,Luke Farrell,31,CHC,11.0,4,2,1,0,0,0,0,0,,0,0,1,0,0%,7,.544,0,0,2,0,0,2,1,1,2,0,2,0,7.0,44,farrelu01
255,Luke Farrell,31,CIN,4.0,2,2,1,0,0,0,0,0,,0,0,0,0,,9,.158,0,0,2,0,0,2,0,2,1,0,1,0,6.0,48,farrelu01
256,Calvin Faucher,26,TBR,21.1,22,22,7,2,3,2,1,1,50%,4,2,6,2,33%,8,.778,5,4,13,8,4,10,5,17,3,4,3,5,2.9,20,fauchca01
257,Michael Feliz,29,BOS,3.1,1,1,0,0,0,0,0,0,,0,0,1,0,0%,3,.181,0,0,1,0,0,1,1,0,1,0,1,0,10.0,57,felizmi01
258,Ryan Feltner,25,COL,97.1,20,1,0,0,0,0,0,0,,0,0,3,0,0%,4,.890,1,0,0,0,0,1,1,0,1,0,1,0,10.0,56,feltnry01
259,Caleb Ferguson,25,LAD,34.2,37,36,3,1,0,0,0,0,,8,8,3,0,0%,7,.782,3,15,18,22,4,10,3,33,2,8,2,1,2.8,16,ferguca01
260,Junior Fernández,25,TOT,18.2,16,16,2,0,0,1,0,1,0%,4,3,12,7,58%,,.936,5,5,6,7,2,7,7,9,6,4,9,3,3.5,21,fernaju01
261,Junior Fernández,25,STL,15.1,13,13,2,0,0,1,0,1,0%,4,3,10,7,70%,6,.991,5,3,5,6,2,5,6,7,5,4,8,3,3.5,20,fernaju01
262,Junior Fernández,25,PIT,3.1,3,3,0,0,0,0,0,0,,0,0,2,0,0%,7,.659,0,2,1,1,0,2,1,2,1,0,1,0,3.3,24,fernaju01
263,Matt Festa,29,SEA,54.0,53,53,13,2,0,3,2,1,67%,9,6,12,7,58%,7,.862,10,13,30,20,4,29,11,42,8,13,9,11,3.1,17,festama01
264,J.P. Feyereisen,29,TBR,24.1,22,20,3,4,0,2,1,1,50%,9,7,10,1,10%,7,1.188,9,6,5,10,6,4,6,14,5,5,5,5,3.1,15,feyerjo01
265,Kyle Finnegan,30,WSN,66.2,66,66,24,6,4,15,11,4,73%,29,14,23,10,43%,8,1.490,31,13,22,35,12,19,11,55,8,9,8,17,3.0,16,finneky01
266,Nate Fisher,26,NYM,3.0,1,1,0,0,0,0,0,0,,0,0,0,0,,5,.716,0,0,1,0,0,1,0,1,1,0,1,0,9.0,50,fishena01
267,Jake Fishman,27,MIA,11.0,7,7,2,0,0,0,0,0,,2,2,4,1,25%,8,.487,2,1,4,3,0,4,3,4,3,2,3,0,4.7,24,fishmja01
268,Jack Flaherty,26,STL,36.0,9,1,0,0,0,0,0,0,,0,0,0,0,,7,1.134,1,0,0,0,1,0,0,1,0,0,0,0,3.0,19,flaheja01
269,Josh Fleming,26,TBR,35.0,10,7,1,2,2,0,0,0,,0,0,0,0,,3,.831,0,5,2,4,2,1,0,7,7,0,7,0,10.0,61,flemijo01
270,Aaron Fletcher,26,PIT,11.2,9,9,4,0,1,0,0,0,,0,0,5,3,60%,5,.361,1,0,8,1,1,7,3,6,2,3,4,1,3.9,19,fletcaa01
271,Chris Flexen,27,SEA,137.2,33,11,11,1,0,2,2,0,100%,2,0,0,0,,9,.838,2,0,9,3,1,7,2,9,4,0,4,1,4.5,22,flexech01
272,Dylan Floro,31,MIA,53.2,56,56,23,1,3,14,10,4,71%,20,6,12,4,33%,8,1.336,18,14,24,25,10,21,12,44,3,9,5,16,2.9,15,florody01
273,Jason Foley,26,DET,60.1,60,60,15,1,0,1,0,1,0%,7,6,28,14,50%,7,.547,10,10,40,15,4,41,13,47,9,11,11,9,3.0,16,foleyja01
274,Mike Ford,29,ATL,1.0,1,1,1,0,0,0,0,0,,0,0,0,0,,8,.000,0,0,1,0,0,1,0,1,0,0,0,0,3.0,15,fordmi01
275,Matt Foster,27,CHW,45.0,48,48,12,1,2,1,1,0,100%,6,5,19,9,47%,8,.810,9,6,33,15,4,29,14,34,5,12,5,12,2.8,16,fostema01
276,Bowden Francis,26,TOR,0.2,1,1,1,0,0,0,0,0,,0,0,2,1,50%,9,.027,0,0,1,0,0,1,1,0,0,1,0,0,2.0,9,francbo01
277,Luis Frías,24,ARI,17.0,15,15,6,1,1,0,0,0,,3,3,7,0,0%,8,.698,3,2,10,6,1,8,3,12,4,6,5,1,3.4,24,friaslu01
278,Paul Fry,29,TOT,13.0,13,13,7,0,0,0,0,0,,1,1,16,5,31%,,.406,3,1,9,2,1,10,9,4,4,4,5,1,3.0,18,frypa01
279,Paul Fry,29,BAL,12.0,12,12,6,0,0,0,0,0,,1,1,16,5,31%,7,.453,3,1,8,2,1,9,9,3,4,4,5,1,3.0,17,frypa01
280,Paul Fry,29,ARI,1.0,1,1,1,0,0,0,0,0,,0,0,0,0,,9,.041,0,0,1,0,0,1,0,1,0,0,0,0,3.0,27,frypa01
281,Michael Fulmer,29,TOT,63.2,67,67,11,5,6,7,3,4,43%,32,25,17,2,12%,,1.668,30,21,16,38,10,19,13,54,4,12,5,13,2.9,16,fulmemi01
282,Michael Fulmer,29,DET,39.1,41,41,7,3,4,6,2,4,33%,24,18,12,1,8%,8,1.678,22,9,10,25,3,13,7,34,3,7,4,7,2.9,16,fulmemi01
283,Michael Fulmer,29,MIN,24.1,26,26,4,2,2,1,1,0,100%,8,7,5,1,20%,7,1.651,8,12,6,13,7,6,6,20,1,5,1,6,2.8,16,fulmemi01
284,Matt Gage,29,TOR,13.0,11,11,5,0,1,1,0,1,0%,1,0,7,0,0%,8,.688,2,0,9,4,0,7,5,6,6,3,7,2,3.5,17,gagema01
285,Giovanny Gallegos,30,STL,59.0,57,57,30,3,6,20,14,6,70%,32,12,11,5,45%,9,1.703,28,18,11,39,13,5,10,47,8,4,11,11,3.1,17,gallegi01
286,Jarlín García,29,SFG,65.0,58,58,14,1,4,3,1,2,33%,8,5,29,10,34%,7,.702,14,11,33,23,8,27,21,37,18,18,19,12,3.4,18,garcija04
287,Luis García,35,SDP,61.0,64,64,11,4,6,4,3,1,75%,24,19,21,8,38%,8,1.544,37,11,16,32,17,15,15,49,5,12,7,12,2.9,15,garcilu03
288,Rico Garcia,28,BAL,8.0,6,6,4,0,0,0,0,0,,0,0,3,0,0%,8,.086,0,0,6,2,0,4,2,4,3,1,3,0,4.0,23,garciri01
289,Rony García,24,DET,51.0,16,8,2,0,0,0,0,0,,0,0,5,1,20%,8,.696,0,1,7,1,0,7,3,5,6,1,6,1,5.3,31,garciro03
290,Yimi García,31,TOR,61.0,61,61,9,4,5,5,1,4,20%,28,23,16,2,13%,8,1.625,32,19,10,36,17,8,12,49,9,12,11,11,3.0,17,garciyi01
291,Amir Garrett,30,KCR,45.1,60,60,3,3,1,1,0,1,0%,12,10,42,7,17%,7,.943,16,16,28,17,10,33,27,33,6,32,8,15,2.3,13,garream01
292,Reed Garrett,29,WSN,9.1,7,7,0,0,1,0,0,0,,0,0,2,2,100%,7,.416,0,1,6,0,0,7,1,6,3,1,4,1,4.0,28,garrere01
293,Ralph Garza,28,TBR,35.0,19,19,10,2,2,2,0,2,0%,2,0,4,3,75%,8,.626,3,2,14,7,3,9,4,15,13,2,13,4,5.5,27,garzara01
294,Domingo Germán,29,NYY,72.1,15,1,0,0,0,0,0,0,,0,0,0,0,,5,.913,0,1,0,0,1,0,0,1,1,0,1,0,5.0,37,germado01
295,Frank German,24,BOS,4.0,5,5,3,0,0,0,0,0,,0,0,0,0,,8,.136,0,0,5,0,0,5,0,5,0,1,0,0,2.4,17,germafr02
296,Ian Gibaut,28,TOT,36.0,34,34,3,1,2,3,1,2,33%,7,4,13,3,23%,,.901,7,15,12,9,6,19,10,24,9,4,11,4,3.2,20,gibauia01
297,Ian Gibaut,28,CLE,1.1,1,1,0,0,0,0,0,0,,0,0,0,0,,7,.002,0,0,1,0,0,1,0,1,1,0,1,0,4.0,28,gibauia01
298,Ian Gibaut,28,CIN,34.2,33,33,3,1,2,3,1,2,33%,7,4,13,3,23%,7,.936,7,15,11,9,6,18,10,23,8,4,10,4,3.2,20,gibauia01
299,Tyler Gilbert,28,ARI,34.1,8,1,1,0,0,0,0,0,,0,0,0,0,,7,.931,0,0,1,0,0,1,0,1,1,0,1,0,9.0,50,gilbety01
300,Lucas Gilbreath,26,COL,43.0,47,47,9,2,0,2,0,2,0%,14,12,30,16,53%,7,1.102,19,10,18,21,10,16,18,29,6,14,8,15,2.7,17,gilbrlu01
301,Ken Giles,31,SEA,4.1,5,5,3,0,0,0,0,0,,0,0,0,0,,8,.404,1,0,4,2,1,2,0,5,0,1,0,0,2.6,14,gileske01
302,Logan Gillaspie,25,BAL,17.1,17,17,6,1,0,1,0,1,0%,1,0,9,3,33%,7,.567,2,4,11,4,2,11,7,10,4,6,4,1,3.1,15,gillalo01
303,Kevin Ginkel,28,ARI,29.1,30,30,3,1,1,3,1,2,33%,9,5,14,5,36%,7,1.119,11,8,11,15,6,9,9,21,8,7,8,7,2.9,16,ginkeke01
304,Mychal Givens,32,TOT,61.1,59,58,12,7,3,6,2,4,33%,14,7,16,6,38%,,1.221,22,9,27,21,13,24,15,43,10,11,10,8,3.1,17,givenmy01
305,Mychal Givens,32,CHC,40.2,40,40,5,6,2,5,2,3,40%,12,6,9,3,33%,8,1.463,18,7,15,16,11,13,8,32,6,6,6,6,3.1,17,givenmy01
306,Mychal Givens,32,NYM,20.2,19,18,7,1,1,1,0,1,0%,2,1,7,3,43%,8,.748,4,2,12,5,2,11,7,11,4,5,4,2,3.3,18,givenmy01
307,Austin Gomber,28,COL,124.2,33,16,2,0,0,0,0,0,,0,0,17,10,59%,5,.771,2,1,13,1,1,14,11,5,13,3,13,0,6.9,38,gombeau01
308,Chi Chi González,30,TOT,23.0,7,2,2,0,0,0,0,0,,0,0,1,1,100%,,.771,0,1,1,0,0,2,1,1,1,1,1,0,5.0,29,gonzach01
309,Chi Chi González,30,MIL,11.1,4,2,2,0,0,0,0,0,,0,0,1,1,100%,9,.615,0,1,1,0,0,2,1,1,1,1,1,0,5.0,29,gonzach01
310,Luis González,26,SFG,6.1,5,5,5,0,0,0,0,0,,0,0,3,1,33%,9,.000,0,0,5,2,0,3,1,4,2,0,2,1,3.8,17,gonzalu03
311,Marwin Gonzalez,33,NYY,0.1,1,1,1,0,0,0,0,0,,0,0,3,0,0%,8,.000,0,0,1,0,0,1,1,0,0,1,0,0,1.0,4,gonzama01
312,Nick Gordon,26,MIN,3.2,4,4,3,0,0,0,0,0,,0,0,0,0,,9,.001,0,0,4,0,0,4,0,4,0,1,0,0,2.8,21,gordoni01
313,MacKenzie Gore,23,SDP,70.0,16,3,0,0,0,0,0,0,,1,1,2,2,100%,7,.947,1,1,1,1,0,2,1,2,2,1,2,0,4.7,30,gorema01
314,Anthony Gose,31,CLE,21.0,22,22,3,3,0,1,0,1,0%,1,0,8,2,25%,7,.608,4,0,18,3,2,17,5,17,2,6,4,1,2.9,18,gosean01
315,Phil Gosselin,33,LAA,1.0,1,1,1,0,0,0,0,0,,0,0,1,0,0%,8,.000,0,0,1,0,0,1,1,0,0,0,0,0,3.0,5,gosseph01
316,Trevor Gott,29,MIL,45.2,45,45,3,3,4,4,0,4,0%,15,11,21,3,14%,6,1.097,15,17,13,24,9,12,16,29,9,7,10,11,3.0,17,gotttr01
317,Ashton Goudeau,29,COL,20.1,12,12,4,1,0,1,1,0,100%,1,0,11,4,36%,6,.622,3,4,5,4,0,8,5,7,7,0,8,0,5.1,31,goudeas01
318,Brusdar Graterol,23,LAD,49.2,46,45,12,2,4,5,4,1,80%,15,10,24,8,33%,8,1.227,17,15,13,27,9,9,16,29,10,7,11,7,3.2,14,gratebr01
319,Kendall Graveman,31,CHW,65.0,65,65,14,3,4,12,6,6,50%,39,27,8,2,25%,8,1.821,33,20,12,48,11,6,8,57,5,6,5,13,3.0,16,graveke01
320,Chad Green,31,NYY,15.0,14,14,2,1,1,4,1,3,25%,7,3,6,3,50%,8,1.520,7,4,3,10,4,0,5,9,2,2,3,3,3.2,17,greench03
321,Shane Greene,33,TOT,3.0,2,2,2,1,0,0,0,0,,0,0,0,0,,,.518,0,0,2,0,0,2,0,2,1,0,1,0,4.5,25,greensh02
322,Shane Greene,33,LAD,2.0,1,1,1,1,0,0,0,0,,0,0,0,0,,8,.623,0,0,1,0,0,1,0,1,1,0,1,0,6.0,26,greensh02
323,Shane Greene,33,NYY,1.0,1,1,1,0,0,0,0,0,,0,0,0,0,,8,.350,0,0,1,0,0,1,0,1,0,0,0,0,3.0,24,greensh02
324,Randal Grichuk,30,COL,1.0,1,1,1,0,0,0,0,0,,0,0,0,0,,9,.000,0,0,1,0,0,1,0,1,0,0,0,0,3.0,10,grichra01
325,Foster Griffin,26,TOT,6.1,6,6,4,0,0,0,0,0,,0,0,0,0,,,.113,0,0,6,0,0,6,0,6,1,2,1,1,3.2,19,grifffo01
326,Foster Griffin,26,KCR,4.1,5,5,3,0,0,0,0,0,,0,0,0,0,,8,.149,0,0,5,0,0,5,0,5,0,2,0,1,2.6,17,grifffo01
327,Foster Griffin,26,TOR,2.0,1,1,1,0,0,0,0,0,,0,0,0,0,,7,.003,0,0,1,0,0,1,0,1,1,0,1,0,6.0,27,grifffo01
328,Justin Grimm,33,OAK,15.1,15,15,5,0,0,0,0,0,,3,3,9,2,22%,6,.539,1,4,10,6,1,8,7,8,4,5,7,1,3.1,18,grimmju01
329,Michael Grove,25,LAD,29.1,7,1,1,0,0,0,0,0,,0,0,0,0,,9,.906,0,0,1,0,0,1,0,1,0,0,0,0,3.0,22,grovemi01
330,Robert Gsellman,28,CHC,15.1,8,8,5,0,2,2,1,1,50%,2,0,1,1,100%,9,.613,1,3,4,2,0,6,2,6,5,1,5,2,5.8,26,gsellro01
331,Javy Guerra,26,TOT,18.0,18,18,4,2,1,0,0,0,,3,3,4,0,0%,,.920,6,1,11,8,4,6,4,14,2,4,4,4,3.0,18,guerrja02
332,Javy Guerra,26,SDP,2.0,1,1,1,0,0,0,0,0,,0,0,0,0,,8,.019,0,0,1,1,0,0,0,1,1,0,1,0,6.0,55,guerrja02
333,Javy Guerra,26,TBR,16.0,17,17,3,2,1,0,0,0,,3,3,4,0,0%,8,1.074,6,1,10,7,4,6,4,13,1,4,3,4,2.8,16,guerrja02
334,Jandel Gustave,29,MIL,28.0,27,27,6,2,0,0,0,0,,2,2,10,4,40%,8,.765,4,8,15,12,4,11,8,19,5,5,6,7,3.1,17,gustaja01
335,Vladimir Gutierrez,26,CIN,36.2,10,2,0,0,0,0,0,0,,0,0,0,0,,6,.912,0,0,2,0,0,2,0,2,0,1,0,0,2.5,21,gutievl01
336,Josh Hader,28,TOT,50.0,56,56,45,2,5,40,36,4,90%,40,0,10,2,20%,,2.202,35,12,9,40,12,4,5,51,0,10,0,11,2.7,17,haderjo01
337,Josh Hader,28,MIL,34.0,37,37,34,1,4,31,29,2,94%,31,0,4,0,0%,9,2.335,23,12,2,31,6,0,2,35,0,4,0,8,2.8,16,haderjo01
338,Josh Hader,28,SDP,16.0,19,19,11,1,1,9,7,2,78%,9,0,6,2,33%,9,1.962,12,0,7,9,6,4,3,16,0,6,0,3,2.5,18,haderjo01
339,Jake Hager,29,ARI,2.1,3,3,3,0,0,0,0,0,,0,0,1,0,0%,9,.000,0,0,3,0,0,3,1,2,0,1,0,0,2.3,9,hagerja01
340,Darick Hall,26,PHI,0.1,1,1,1,0,0,0,0,0,,0,0,2,1,50%,9,.020,0,0,1,0,0,1,1,0,0,1,0,0,1.0,6,hallda02
341,DL Hall,23,BAL,13.2,11,10,1,1,0,1,1,0,100%,1,0,8,6,75%,8,.890,1,5,4,2,0,8,4,6,2,2,3,0,3.0,19,halldl01
342,Ian Hamilton,27,MIN,2.2,1,1,0,0,0,0,0,0,,0,0,2,0,0%,3,.227,0,0,1,0,0,1,1,0,1,0,1,0,8.0,42,hamilia01
343,Brad Hand,32,PHI,45.0,55,55,15,3,2,7,5,2,71%,20,13,17,8,47%,8,1.461,21,16,18,26,10,19,12,43,0,19,1,9,2.5,15,handbr01
344,Josh Harrison,34,CHW,3.0,3,3,3,0,0,0,0,0,,0,0,0,0,,9,.004,0,0,3,0,0,3,0,3,0,0,0,0,3.0,19,harrijo05
345,Hunter Harvey,27,WSN,39.1,38,38,7,2,1,1,0,1,0%,7,6,14,5,36%,7,.991,11,9,18,14,5,19,11,27,5,4,6,8,3.1,17,harvehu01
346,Louis Head,32,TOT,28.2,28,28,9,0,0,1,1,0,100%,2,1,13,8,62%,,.494,4,2,22,10,2,16,9,19,7,7,8,4,3.1,20,headlo01
347,Louis Head,32,MIA,23.2,23,23,7,0,0,1,1,0,100%,2,1,8,4,50%,9,.525,4,2,17,9,2,12,6,17,5,5,6,3,3.1,19,headlo01
348,Louis Head,32,BAL,5.0,5,5,2,0,0,0,0,0,,0,0,5,4,80%,8,.366,0,0,5,1,0,4,3,2,2,2,2,1,3.0,20,headlo01
349,Andrew Heaney,31,LAD,72.2,16,2,1,1,1,0,0,0,,0,0,0,0,,6,.856,0,2,0,0,1,1,0,2,2,0,2,0,12.0,66,heanean01
350,Taylor Hearn,27,TEX,100.0,31,18,3,2,3,2,1,1,50%,4,2,4,1,25%,6,.870,2,10,6,5,6,7,3,15,15,1,16,0,6.8,40,hearnta01
351,Ryan Helsley,27,STL,64.2,54,54,33,9,1,23,19,4,83%,30,7,21,3,14%,9,1.595,28,17,9,39,14,1,14,40,18,4,18,8,3.6,18,helslry01
352,Heath Hembree,33,TOT,22.0,26,26,6,3,1,1,0,1,0%,3,2,15,9,60%,,.819,8,5,13,9,2,15,12,14,2,9,2,7,2.5,15,hembrhe01
353,Heath Hembree,33,PIT,16.1,20,20,3,2,0,1,0,1,0%,3,2,13,7,54%,7,.791,7,4,9,7,0,13,10,10,1,8,1,5,2.5,15,hembrhe01
354,Heath Hembree,33,LAD,5.2,6,6,3,1,1,0,0,0,,0,0,2,2,100%,6,.894,1,1,4,2,2,2,2,4,1,1,1,2,2.8,16,hembrhe01
355,Liam Hendriks,33,CHW,57.2,58,58,51,4,4,41,37,4,90%,41,0,8,4,50%,9,2.063,33,15,10,47,9,2,8,50,3,3,4,16,3.0,16,hendrli01
356,Ryan Hendrix,27,CIN,8.1,9,9,7,0,0,0,0,0,,0,0,3,0,0%,8,.152,0,0,9,1,0,8,2,7,1,3,1,2,2.8,16,hendrry01
357,Ronny Henriquez,22,MIN,11.2,3,3,1,0,1,0,0,0,,0,0,1,0,0%,6,.623,0,1,2,0,1,2,1,2,3,0,3,0,11.7,60,henriro01
358,Sam Hentges,25,CLE,62.0,57,57,15,3,2,1,1,0,100%,9,8,23,5,22%,7,.808,11,13,33,18,8,31,13,44,16,12,20,11,3.3,17,hentgsa01
359,Jimmy Herget,28,LAA,69.0,49,48,13,2,1,12,9,3,75%,19,6,26,9,35%,7,1.202,16,13,19,27,7,14,17,31,21,7,23,3,4.1,20,hergeji01
360,Kevin Herget,31,TBR,7.0,3,3,3,0,1,0,0,0,,0,0,1,0,0%,9,.849,0,1,2,2,0,1,1,2,2,0,2,0,7.0,37,hergeke01
361,Carlos Hernández,25,KCR,56.0,27,20,4,0,2,0,0,0,,1,1,9,1,11%,7,.914,5,3,12,6,4,10,5,15,6,4,7,3,4.0,25,hernaca04
362,Darwinzon Hernández,25,BOS,6.2,7,7,2,0,1,0,0,0,,0,0,5,3,60%,8,.340,1,1,5,0,1,6,3,4,2,3,3,1,2.9,26,hernada02
363,Elieser Hernández,27,MIA,62.1,20,10,4,1,1,1,0,1,0%,1,0,3,3,100%,9,.796,2,3,5,1,1,8,1,9,3,0,3,2,4.7,29,hernael01
364,Jonathan Hernández,25,TEX,30.1,29,29,16,2,3,6,4,2,67%,9,3,2,1,50%,9,1.377,10,6,13,11,5,13,2,27,3,2,3,4,3.1,18,hernajo02
365,Jordan Hicks,25,STL,61.1,35,27,2,3,2,1,0,1,0%,9,8,17,4,24%,6,1.248,9,14,4,14,8,5,9,18,16,3,17,3,3.9,21,hicksjo03
366,Garrett Hill,26,DET,60.1,17,9,1,0,0,0,0,0,,2,2,3,2,67%,7,.819,1,2,6,3,1,5,1,8,7,0,7,0,5.9,34,hillga02
367,Tim Hill,32,SDP,48.0,55,55,21,3,0,0,0,0,,7,7,29,8,28%,8,.766,10,8,37,21,7,27,15,40,6,18,6,11,2.6,14,hillti01
368,Sean Hjelle,25,SFG,25.0,8,8,0,1,2,0,0,0,,1,1,1,0,0%,2,.904,1,5,2,4,3,1,1,7,6,0,7,0,9.4,59,hjellse01
369,Bryan Hoeing,25,MIA,12.2,8,7,0,1,0,0,0,0,,0,0,1,1,100%,5,.652,0,3,4,2,3,2,1,6,4,1,4,0,4.1,28,hoeinbr01
370,Jeff Hoffman,29,CIN,44.2,35,34,7,2,0,1,0,1,0%,2,1,16,8,50%,8,.542,3,6,25,6,3,25,8,26,14,2,14,0,3.8,24,hoffmje02
371,Colin Holderman,26,TOT,28.1,24,24,6,5,0,0,0,0,,2,2,10,1,10%,,.810,5,4,15,9,4,11,9,15,11,4,13,1,3.5,18,holdeco01
372,Colin Holderman,26,NYM,17.2,15,15,5,4,0,0,0,0,,1,1,8,0,0%,7,.677,3,4,8,6,3,6,8,7,7,2,7,1,3.5,16,holdeco01
373,Colin Holderman,26,PIT,10.2,9,9,1,1,0,0,0,0,,1,1,2,1,50%,7,.984,2,0,7,3,1,5,1,8,4,2,6,0,3.6,21,holdeco01
374,Greg Holland,36,TEX,4.2,5,5,2,0,1,0,0,0,,0,0,3,2,67%,8,1.175,2,1,2,0,2,3,3,2,0,1,0,2,2.8,16,hollagr01
375,Jordan Holloway,26,MIA,2.2,1,1,0,0,0,0,0,0,,0,0,0,0,,5,.014,0,0,1,0,0,1,0,1,1,0,1,0,8.0,48,hollojo01
376,Gavin Hollowell,24,COL,7.0,6,6,3,0,2,0,0,0,,0,0,5,1,20%,8,1.155,2,0,4,0,2,4,3,3,3,1,3,0,3.5,24,holloga01
377,Clay Holmes,29,NYY,63.2,62,62,32,7,4,25,20,5,80%,33,7,23,7,30%,9,1.983,34,19,9,39,18,5,16,46,12,12,13,14,3.1,16,holmecl01
378,Tyler Holton,26,ARI,9.0,10,10,5,0,0,0,0,0,,0,0,3,1,33%,8,.394,0,4,6,2,1,7,2,8,2,4,2,0,2.7,16,holtoty01
379,Tanner Houck,26,BOS,60.0,32,28,14,4,2,9,8,1,89%,10,1,7,2,29%,9,1.333,11,4,13,15,5,8,5,23,12,2,12,6,4.6,23,houckta01
380,Adrian Houser,29,MIL,102.2,22,1,1,0,0,0,0,0,,0,0,0,0,,8,.903,0,0,1,1,0,0,0,1,1,0,1,0,6.0,29,housead01
381,Sam Howard,29,PIT,2.0,3,3,2,0,0,0,0,0,,0,0,3,1,33%,9,.603,0,0,3,0,0,3,1,2,0,2,0,1,2.0,19,howarsa01
382,Spencer Howard,25,TEX,37.2,10,2,0,0,1,0,0,0,,0,0,0,0,,3,.898,0,1,1,0,1,1,0,2,2,0,2,0,5.5,45,howarsp01
383,Dakota Hudson,27,STL,139.2,27,1,0,0,0,0,0,0,,0,0,0,0,,5,1.012,0,0,1,0,0,1,0,1,1,0,1,0,9.0,45,hudsoda02
384,Daniel Hudson,35,LAD,24.1,25,25,8,2,3,6,5,1,83%,15,9,6,1,17%,8,1.539,13,9,3,18,7,0,4,21,2,3,2,5,2.9,16,hudsoda01
385,Brandon Hughes,26,CHC,57.2,57,57,16,2,3,12,8,4,67%,20,8,30,5,17%,7,1.331,22,14,21,33,9,15,21,36,15,17,21,15,3.0,17,hughebr01
386,Tommy Hunter,35,NYM,22.1,18,18,7,0,1,0,0,0,,1,1,8,2,25%,8,.775,5,3,10,3,4,11,7,11,9,3,9,1,3.7,19,hunteto02
387,Drew Hutchison,31,DET,105.1,28,10,3,0,3,0,0,0,,0,0,1,0,0%,8,.984,1,3,6,1,4,5,1,9,6,1,7,0,4.7,28,hutchdr01
388,Raisel Iglesias,32,TOT,62.0,67,67,39,2,6,21,17,4,81%,36,15,18,9,50%,,1.401,26,22,19,50,12,5,11,56,1,12,2,16,2.8,15,iglesra01
389,Raisel Iglesias,32,LAA,35.2,39,39,32,2,6,19,16,3,84%,19,0,14,8,57%,9,1.429,15,13,11,26,10,3,8,31,1,8,2,7,2.7,15,iglesra01
390,Raisel Iglesias,32,ATL,26.1,28,28,7,0,0,2,1,1,50%,17,15,4,1,25%,8,1.360,11,9,8,24,2,2,3,25,0,4,0,9,2.8,15,iglesra01
391,Andre Jackson,26,LAD,9.2,4,4,3,0,0,1,1,0,100%,2,1,0,0,,10,1.122,1,2,1,3,0,1,1,3,3,1,3,0,7.3,39,jacksan01
392,Jay Jackson,34,ATL,1.1,2,2,1,0,0,0,0,0,,0,0,0,0,,8,.628,0,1,1,0,0,2,0,2,0,1,0,0,2.0,6,jacksja01
393,Zach Jackson,27,OAK,48.0,54,54,10,2,3,6,3,3,50%,33,26,16,3,19%,8,1.680,28,15,11,37,6,11,16,38,9,20,10,12,2.7,16,jacksza02
394,Kenley Jansen,34,ATL,64.0,65,65,54,5,2,48,41,7,85%,48,0,4,3,75%,9,1.930,41,16,8,53,9,3,3,62,1,4,1,16,3.0,15,janseke01
395,Cristian Javier,25,HOU,148.2,30,5,0,0,1,0,0,0,,0,0,0,0,,6,.878,0,3,2,1,1,3,0,5,5,0,5,0,8.6,45,javiecr01
396,Griffin Jax,27,MIN,72.1,65,65,10,7,4,7,1,6,14%,25,18,19,8,42%,7,1.185,23,27,15,36,16,13,17,48,13,14,14,11,3.3,18,jaxgr01
397,Dany Jiménez,28,OAK,34.1,34,34,22,3,4,14,11,3,79%,18,4,13,2,15%,9,1.907,19,6,9,22,5,7,8,26,6,7,7,5,3.0,16,jimenda01
398,Joe Jiménez,27,DET,56.2,62,62,12,3,2,4,2,2,50%,15,11,8,2,25%,7,.886,12,17,33,23,7,32,6,56,2,13,3,10,2.7,15,jimenjo02
399,Pierce Johnson,31,SDP,14.1,15,15,1,1,2,1,0,1,0%,7,6,1,0,0%,8,1.599,4,6,5,8,2,5,2,13,1,3,1,1,2.9,19,johnspi01
400,Damon Jones,27,PHI,4.2,4,4,3,0,0,0,0,0,,0,0,1,0,0%,9,.286,0,0,4,2,0,2,1,3,1,1,2,0,3.5,26,jonesda07
401,Jakob Junis,29,SFG,112.0,23,6,0,2,2,0,0,0,,0,0,1,1,100%,2,.945,0,2,4,2,3,1,1,5,6,0,6,0,14.0,69,junisja01
402,Janson Junk,26,LAA,8.1,3,1,1,0,0,0,0,0,,0,0,0,0,,9,.986,0,0,1,0,0,1,0,1,0,0,0,0,3.0,18,junkja01
403,Tommy Kahnle,32,LAD,12.2,13,13,2,0,0,1,1,0,100%,2,1,0,0,,7,1.096,3,4,6,6,4,3,1,12,0,1,0,1,2.9,13,kahnlto01
404,James Karinchak,26,CLE,39.0,38,38,9,2,0,4,3,1,75%,12,8,6,3,50%,8,1.321,11,11,16,23,7,8,8,30,3,4,5,8,3.1,19,karinja01
405,Anthony Kay,27,TOR,2.0,1,1,1,0,0,0,0,0,,0,0,0,0,,7,.163,0,0,1,0,0,1,0,1,1,0,1,0,6.0,39,kayan01
406,Brad Keller,26,KCR,139.2,35,13,4,0,1,1,1,0,100%,2,1,0,0,,8,.889,0,5,8,3,1,9,0,13,6,3,6,1,4.0,26,kellebr01
407,Mitch Keller,26,PIT,159.0,31,2,0,1,0,0,0,0,,0,0,0,0,,4,1.085,0,1,1,1,0,1,0,2,2,0,2,0,9.0,56,kellemi03
408,Trevor Kelley,29,MIL,23.2,18,18,8,1,0,1,0,1,0%,3,2,8,0,0%,7,.469,3,4,11,6,1,11,5,13,9,3,9,3,3.9,26,kelletr01
409,Carson Kelly,27,ARI,4.2,4,4,4,0,0,0,0,0,,0,0,3,2,67%,8,.000,0,0,4,0,0,4,2,2,2,0,2,0,3.5,17,kellyca02
410,Joe Kelly,34,CHW,37.0,43,42,4,1,3,1,1,0,100%,16,15,9,4,44%,7,1.302,15,12,15,21,6,15,7,35,0,11,0,6,2.6,16,kellyjo05
411,Michael Kelly,29,PHI,4.0,4,4,3,0,0,0,0,0,,0,0,0,0,,8,.133,0,0,4,1,0,3,0,4,0,0,0,1,3.0,16,kellymi03
412,Zack Kelly,27,BOS,13.2,13,13,2,1,0,0,0,0,,1,1,4,3,75%,7,.889,4,3,6,2,3,8,2,11,1,0,1,2,3.2,17,kellyza01
413,Ian Kennedy,37,ARI,50.1,57,57,21,4,7,16,10,6,63%,27,10,7,1,14%,8,1.749,30,9,18,36,12,9,6,51,1,13,1,12,2.6,15,kenneia01
414,Ray Kerr,27,SDP,5.0,7,7,6,0,0,0,0,0,,0,0,3,2,67%,9,.089,0,0,7,1,0,6,2,5,0,3,0,0,2.1,13,kerrra01
415,Yusei Kikuchi,31,TOR,100.2,32,12,4,2,0,2,1,1,50%,2,0,7,0,0%,9,.980,1,3,8,5,2,5,4,8,6,4,6,0,4.6,27,kikucyu01
416,Craig Kimbrel,34,LAD,60.0,63,63,47,6,7,27,22,5,81%,29,2,3,1,33%,9,1.506,20,16,27,46,8,9,7,56,2,9,2,15,2.9,17,kimbrcr01
417,John King,27,TEX,51.1,39,39,5,1,4,5,0,5,0%,13,8,13,6,46%,8,1.004,8,13,18,19,4,16,11,28,16,6,17,2,3.9,19,kingjo01
418,Michael King,27,NYY,51.0,34,34,10,6,3,3,1,2,33%,19,16,20,3,15%,7,1.669,19,12,3,21,10,3,17,17,16,3,18,5,4.5,23,kingmi01
419,Tyler Kinley,31,COL,24.0,25,25,3,1,1,0,0,0,,10,10,8,3,38%,8,1.302,12,6,7,12,6,7,5,20,2,4,3,8,2.9,15,kinlety01
420,Andrew Kittredge,32,TBR,20.0,17,17,9,3,1,8,5,3,63%,8,0,3,0,0%,8,1.642,9,2,6,9,5,3,2,15,4,1,4,4,3.5,14,kittran01
421,Corey Knebel,30,PHI,44.2,46,46,29,3,5,16,12,4,75%,18,2,14,5,36%,9,1.744,17,10,19,25,7,14,9,37,5,8,5,7,2.9,17,knebeco01
422,Reiss Knehr,25,SDP,13.2,5,4,2,0,0,0,0,0,,0,0,3,0,0%,7,.441,0,0,4,0,0,4,1,3,4,0,4,0,7.5,40,knehrre01
423,Dusten Knight,31,TBR,11.0,6,6,3,0,1,0,0,0,,0,0,2,0,0%,7,.680,1,0,5,3,1,2,2,4,5,0,5,1,5.5,32,knighdu01
424,Andrew Knizner,27,STL,0.2,1,1,1,0,0,0,0,0,,0,0,2,2,100%,9,.000,0,0,1,0,0,1,1,0,0,1,0,0,2.0,11,kniznan01
425,Matt Koch,31,SEA,4.1,4,4,2,0,0,0,0,0,,0,0,1,0,0%,9,.790,1,0,3,3,1,0,2,2,1,0,1,1,3.3,18,kochma01
426,Jared Koenig,28,OAK,39.1,10,5,4,0,0,0,0,0,,0,0,0,0,,7,.750,0,0,5,0,0,5,0,5,4,0,4,0,8.4,45,koenija01
427,Adam Kolarek,33,OAK,17.2,15,15,7,0,1,0,0,0,,0,0,7,0,0%,9,.221,0,1,14,0,1,14,5,10,7,3,9,3,3.5,21,kolarad01
428,Jackson Kowar,25,KCR,15.2,7,7,3,0,0,0,0,0,,2,2,3,2,67%,6,.379,1,1,5,2,0,5,2,5,5,1,5,0,6.7,44,kowarja01
429,Max Kranick,24,PIT,5.0,2,2,0,0,0,0,0,0,,1,1,1,0,0%,6,1.600,1,1,0,1,1,0,1,1,2,0,2,0,7.5,38,kranima01
430,Joey Krehbiel,29,BAL,57.2,56,56,8,5,5,1,1,0,100%,11,10,37,13,35%,6,.999,14,20,22,22,8,26,21,35,15,21,20,6,3.1,17,krehbjo01
431,Dean Kremer,26,BAL,125.1,22,1,0,0,1,0,0,0,,0,0,0,0,,3,.973,0,1,0,0,1,0,0,1,1,0,1,0,16.0,92,kremede01
432,Joel Kuhnel,27,CIN,58.0,53,53,13,2,3,3,1,2,33%,9,5,17,6,35%,7,.726,9,13,31,21,6,26,13,40,15,10,18,6,3.3,18,kuhnejo01
433,A.J. Ladwig,29,MIA,3.1,1,1,0,0,0,0,0,0,,0,0,0,0,,4,.648,0,1,0,0,0,1,0,1,1,0,1,0,10.0,41,ladwiaj01
434,Travis Lakins Sr.,28,BAL,10.1,6,6,3,0,1,1,0,1,0%,1,0,4,4,100%,8,.303,1,1,4,2,0,4,2,4,3,0,4,0,5.2,35,lakintr01
435,Jimmy Lambert,27,CHW,47.0,42,40,7,1,0,1,0,1,0%,11,10,25,10,40%,8,.929,13,9,18,17,3,20,14,26,7,10,9,5,3.0,17,lambeji01
436,Dinelson Lamet,29,TOT,32.1,32,32,8,1,2,2,0,2,0%,7,4,14,8,57%,,.630,10,5,17,11,4,17,8,24,7,9,7,4,3.0,18,lametdi01
437,Dinelson Lamet,29,SDP,12.1,13,13,3,0,1,0,0,0,,1,1,13,7,54%,8,.291,2,2,9,4,1,8,7,6,3,6,3,1,2.8,18,lametdi01
438,Dinelson Lamet,29,COL,20.0,19,19,5,1,1,2,0,2,0%,6,3,1,1,100%,7,.871,8,3,8,7,3,9,1,18,4,3,4,3,3.2,18,lametdi01
439,Alex Lange,26,DET,63.1,71,71,11,7,4,4,0,4,0%,27,21,22,7,32%,7,1.376,30,22,19,30,15,26,19,52,4,19,5,14,2.7,15,langeal01
440,Derek Law,31,TOT,19.2,17,17,2,2,3,1,0,1,0%,4,3,8,3,38%,,1.115,5,9,3,7,6,4,5,12,6,3,7,2,3.5,21,lawde01
441,Derek Law,31,DET,2.0,2,2,1,0,1,1,0,1,0%,1,0,0,0,,8,1.507,0,1,1,1,0,1,0,2,0,0,0,0,3.0,28,lawde01
442,Derek Law,31,CIN,17.2,15,15,1,2,2,0,0,0,,3,3,8,3,38%,7,1.051,5,8,2,6,6,3,5,10,6,3,7,2,3.5,20,lawde01
443,Casey Lawrence,34,TOR,18.0,6,6,2,0,1,1,0,1,0%,1,0,4,2,50%,7,.592,1,2,3,2,0,4,2,4,6,0,6,0,9.0,50,lawreca01
444,Justin Lawrence,27,COL,42.2,38,38,11,3,1,3,1,2,33%,10,7,28,7,25%,6,.856,12,8,18,12,2,24,16,22,14,9,15,6,3.4,20,lawreju01
445,José Leclerc,28,TEX,47.2,39,39,20,0,3,9,7,2,78%,13,4,18,8,44%,9,1.215,13,7,19,21,2,16,9,30,10,3,10,5,3.7,20,leclejo01
446,Dylan Lee,27,ATL,50.2,46,46,5,5,1,3,0,3,0%,12,9,31,11,35%,7,.989,17,14,15,21,5,20,20,26,13,15,19,8,3.3,16,leedy01
447,Evan Lee,25,WSN,8.2,4,3,1,0,0,0,0,0,,0,0,2,0,0%,7,.698,0,0,3,0,0,3,1,2,2,0,3,0,5.0,33,leeev01
448,Mark Leiter Jr.,31,CHC,67.2,35,31,11,2,5,6,3,3,50%,10,4,14,5,36%,7,1.089,11,6,14,17,4,10,10,21,16,4,17,1,5.2,26,leitema02
449,Jacob Lemoine,28,OAK,16.1,9,9,2,0,0,0,0,0,,0,0,10,3,30%,6,.419,2,1,6,0,0,9,5,4,5,3,5,0,5.4,33,lemoija01
450,Sandy León,33,CLE,2.0,1,1,1,0,0,0,0,0,,0,0,0,0,,7,.000,0,0,1,0,0,1,0,1,1,0,1,0,6.0,17,leonsa01
451,Dominic Leone,30,SFG,49.1,55,55,8,4,5,7,3,4,43%,18,11,14,8,57%,8,1.518,22,13,20,27,12,16,12,43,3,16,4,15,2.7,15,leonedo01
452,Matthew Liberatore,22,STL,34.2,9,2,1,0,0,0,0,0,,1,1,0,0,,7,.921,0,1,1,2,0,0,0,2,2,0,2,0,7.5,38,liberma01
453,Zack Littell,26,SFG,44.1,39,39,7,3,3,1,1,0,100%,7,5,15,5,33%,6,.755,6,10,23,15,5,19,11,28,13,9,13,6,3.4,19,litteza01
454,Brendon Little,25,CHC,0.2,1,1,0,0,1,1,0,1,0%,1,0,0,0,,6,1.425,1,0,0,1,0,0,0,1,0,1,0,0,2.0,22,littlbr02
455,Mauricio Llovera,26,SFG,16.1,17,16,5,0,0,0,0,0,,1,1,5,0,0%,7,.499,2,3,11,3,1,12,4,12,2,5,4,4,2.9,18,llovema01
456,Jonathan Loáisiga,27,NYY,48.0,50,50,9,2,3,3,2,1,67%,13,10,25,5,20%,8,1.726,23,15,12,20,16,14,19,31,11,15,15,11,2.9,15,loaisjo01
457,Zach Logue,26,OAK,57.0,14,4,1,1,0,0,0,0,,0,0,1,1,100%,6,.726,0,1,3,0,0,4,1,3,3,0,3,0,5.8,45,logueza01
458,Sam Long,26,SFG,42.1,28,22,12,1,1,1,1,0,100%,1,0,16,5,31%,9,.637,2,4,16,3,3,16,8,14,10,6,10,2,4.1,25,longsa01
459,Alejo Lopez,26,CIN,2.2,3,3,3,0,0,0,0,0,,0,0,1,0,0%,9,.000,0,0,3,0,0,3,1,2,0,1,0,0,2.7,9,lopezal03
460,Jorge López,29,TOT,71.0,67,67,47,4,7,29,23,6,79%,30,1,17,2,12%,,1.864,35,10,22,40,16,11,14,53,13,9,14,19,3.2,17,lopezjo02
461,Jorge López,29,BAL,48.1,44,44,35,4,6,23,19,4,83%,23,0,16,2,13%,9,2.014,26,8,10,27,11,6,13,31,12,6,13,13,3.3,18,lopezjo02
462,Jorge López,29,MIN,22.2,23,23,12,0,1,6,4,2,67%,7,1,1,0,0%,9,1.577,9,2,12,13,5,5,1,22,1,3,1,6,3.0,17,lopezjo02
463,Nicky Lopez,27,KCR,1.0,1,1,1,0,0,0,0,0,,0,0,0,0,,9,.000,0,0,1,0,0,1,0,1,0,0,0,0,3.0,16,lopezni01
464,Reynaldo López,28,CHW,65.1,61,60,8,6,4,5,0,5,0%,14,9,27,8,30%,7,1.200,25,10,25,23,15,22,21,39,13,10,15,10,3.2,16,lopezre01
465,Yoan López,29,NYM,11.0,8,8,5,1,0,0,0,0,,0,0,1,0,0%,9,.839,1,0,7,4,1,3,1,7,3,1,3,0,4.1,25,lopezyo01
466,Aaron Loup,34,LAA,58.2,65,65,7,0,5,6,1,5,17%,25,19,37,10,27%,7,1.326,24,18,23,36,11,18,25,40,9,24,18,12,2.7,15,loupaa01
467,Zac Lowther,26,BAL,5.1,1,1,0,0,0,0,0,0,,0,0,2,2,100%,2,.324,1,0,0,0,0,1,1,0,1,0,1,0,16.0,100,lowthza01
468,Lucas Luetge,35,NYY,57.1,50,50,18,4,4,3,2,1,67%,9,6,32,13,41%,8,.809,12,13,25,24,6,20,20,30,16,15,18,6,3.4,19,luetglu01
469,Seth Lugo,32,NYM,65.0,62,62,20,3,2,6,3,3,50%,22,16,24,11,46%,8,.982,16,20,26,41,11,10,17,45,14,12,16,9,3.1,17,lugose01
470,Andrés Machado,29,WSN,59.1,51,51,14,2,0,0,0,0,,3,3,25,4,16%,8,.560,7,4,40,7,0,44,15,36,16,9,17,9,3.5,20,machaan02
471,Sean Manaea,30,SDP,158.0,30,2,1,0,0,0,0,0,,0,0,0,0,,9,.896,0,1,1,1,0,1,0,2,1,0,1,0,7.5,39,manaese01
472,Matt Manning,24,DET,63.0,12,1,0,0,0,0,0,0,,0,0,0,0,,1,1.033,0,0,0,0,0,0,0,0,0,1,0,0,0.0,,mannima02
473,Joe Mantiply,31,ARI,60.0,69,69,9,2,5,8,2,6,25%,30,22,35,16,46%,8,1.506,31,20,18,38,18,13,26,43,10,25,15,21,2.6,12,mantijo01
474,Ron Marinaccio,26,NYY,44.0,40,40,8,1,0,0,0,0,,6,6,27,7,26%,7,1.073,8,14,18,15,7,18,18,22,14,10,17,5,3.3,19,marinro01
475,Parker Markel,31,OAK,3.0,3,3,1,0,0,0,0,0,,0,0,4,2,50%,8,.210,0,1,2,0,0,3,2,1,1,2,1,1,3.0,20,markepa01
476,José Marte,26,LAA,11.0,11,11,4,0,0,0,0,0,,0,0,6,2,33%,8,.341,1,1,9,2,0,9,3,8,1,2,2,0,3.0,24,martejo01
477,Yunior Marte,27,SFG,48.0,39,39,10,1,1,1,0,1,0%,3,2,10,5,50%,7,.446,2,8,29,13,0,26,7,32,14,5,16,7,3.7,22,marteyu01
478,Brett Martin,27,TEX,50.0,55,54,20,1,7,7,3,4,43%,14,7,33,13,39%,8,1.164,22,9,23,23,7,24,22,32,6,20,6,12,2.7,14,martibr01
479,Chris Martin,36,TOT,56.0,60,60,6,4,1,4,2,2,50%,14,9,27,5,19%,,1.049,20,16,24,32,11,17,16,44,5,12,9,9,2.8,14,martich02
480,Chris Martin,36,CHC,31.1,34,34,4,1,0,1,0,1,0%,7,6,12,4,33%,6,1.019,12,9,13,13,6,15,8,26,2,7,3,5,2.8,15,martich02
481,Chris Martin,36,LAD,24.2,26,26,2,3,1,3,2,1,67%,7,3,15,1,7%,8,1.092,8,7,11,19,5,2,8,18,3,5,6,4,2.8,13,martich02
482,Corbin Martin,26,ARI,22.1,7,5,1,0,0,0,0,0,,0,0,1,0,0%,2,.612,0,1,4,1,0,4,1,4,4,0,4,0,8.6,54,martico02
483,Davis Martin,25,CHW,63.1,14,5,1,1,0,1,0,1,0%,1,0,2,0,0%,3,.886,1,2,2,3,0,2,1,4,4,1,4,0,11.4,56,martida03
484,Nick Martinez,31,SDP,106.1,47,37,15,2,1,9,8,1,89%,17,8,19,8,42%,8,1.006,8,12,17,22,2,13,12,25,13,6,14,6,4.4,22,martini01
485,Seth Martinez,27,HOU,38.2,29,29,7,1,1,0,0,0,,2,2,15,1,7%,8,.511,5,6,18,13,4,12,9,20,14,4,16,1,4.0,20,martise01
486,Nick Maton,25,PHI,1.1,2,2,2,0,0,0,0,0,,0,0,0,0,,8,.003,0,0,2,0,0,2,0,2,0,1,0,0,2.0,13,matonni01
487,Phil Maton,29,HOU,65.2,67,67,10,0,2,2,0,2,0%,16,14,27,5,19%,7,.922,17,14,36,35,8,24,21,46,12,17,14,9,2.9,16,matonph01
488,Steven Matz,31,STL,48.0,15,5,1,1,0,0,0,0,,2,2,1,1,100%,7,.995,2,2,1,3,1,1,2,3,1,0,2,0,3.2,16,matzst01
489,Tyler Matzek,31,ATL,43.2,42,42,6,4,2,1,1,0,100%,9,8,20,2,10%,7,.964,13,6,23,19,7,16,16,26,9,9,12,1,3.1,17,matzety01
490,Trevor May,32,NYM,25.0,26,26,6,2,0,1,1,0,100%,7,6,6,0,0%,8,.837,5,6,15,16,2,8,4,22,2,3,3,1,2.9,18,maytr01
491,Mike Mayers,30,LAA,50.2,24,21,7,1,0,1,0,1,0%,2,1,16,6,38%,7,.669,6,4,11,8,1,12,8,13,10,5,10,1,5.1,31,mayermi01
492,Jack Mayfield,31,LAA,1.0,1,1,1,0,0,0,0,0,,0,0,0,0,,8,.000,0,0,1,0,0,1,0,1,0,0,0,0,3.0,13,mayfija01
493,Tim Mayza,30,TOR,48.2,63,63,9,8,1,6,2,4,33%,24,17,36,8,22%,8,1.395,24,23,16,31,15,17,23,40,4,31,8,19,2.3,12,mayzati01
494,Chris Mazza,32,TBR,5.1,2,2,0,1,0,0,0,0,,0,0,1,1,100%,3,.890,0,2,0,1,1,0,1,1,2,0,2,0,8.0,69,mazzach01
495,Kirk McCarty,26,CLE,37.2,13,11,6,4,1,1,0,1,0%,1,0,1,0,0%,6,.971,2,2,7,3,2,6,2,9,10,0,10,0,7.8,38,mccarki01
496,Shane McClanahan,25,TBR,166.1,28,1,0,0,0,0,0,0,,0,0,0,0,,1,1.000,0,0,0,0,0,0,0,0,0,1,0,0,0.0,,mcclash01
497,T.J. McFarland,33,STL,32.2,28,28,11,0,0,0,0,0,,1,1,25,11,44%,8,.305,2,3,23,8,1,19,16,12,11,7,13,6,3.5,17,mcfartj01
498,Easton McGee,24,TBR,3.0,1,1,1,0,0,0,0,0,,0,0,0,0,,6,.561,0,1,0,0,0,1,0,1,1,0,1,0,9.0,46,mcgeeea01
499,Jake McGee,35,TOT,37.0,42,42,11,1,3,7,3,4,43%,11,4,10,4,40%,,.912,13,7,22,18,8,16,4,38,0,11,0,10,2.6,15,mcgeeja01
500,Jake McGee,35,SFG,21.1,24,24,8,1,2,6,3,3,50%,10,4,8,2,25%,8,1.116,10,4,10,13,3,8,3,21,0,5,0,7,2.7,15,mcgeeja01
501,Jake McGee,35,MIL,5.2,6,6,0,0,0,1,0,1,0%,1,0,0,0,,7,.616,0,1,5,3,0,3,0,6,0,1,0,1,2.8,16,mcgeeja01
502,Jake McGee,35,WSN,10.0,12,12,3,0,1,0,0,0,,0,0,2,2,100%,9,.623,3,2,7,2,5,5,1,11,0,5,0,2,2.5,14,mcgeeja01
503,Reese McGuire,27,BOS,1.0,1,1,1,0,0,0,0,0,,0,0,0,0,,9,.000,0,0,1,0,0,1,0,1,0,0,0,0,3.0,7,mcguire01
504,Collin McHugh,35,ATL,69.1,58,58,3,3,2,5,0,5,0%,22,17,38,10,26%,6,1.035,18,18,22,39,6,13,23,35,24,18,25,4,3.6,19,mchugco01
505,David McKay,27,TOT,6.2,4,4,2,0,0,0,0,0,,0,0,2,2,100%,,.068,0,0,4,1,0,3,1,3,2,0,2,0,5.0,34,mckayda02
506,David McKay,27,NYY,2.0,2,2,2,0,0,0,0,0,,0,0,0,0,,9,.017,0,0,2,1,0,1,0,2,0,0,0,0,3.0,21,mckayda02
507,David McKay,27,TBR,2.0,1,1,0,0,0,0,0,0,,0,0,0,0,,6,.169,0,0,1,0,0,1,0,1,1,0,1,0,6.0,47,mckayda02
508,David McKay,27,OAK,2.2,1,1,0,0,0,0,0,0,,0,0,2,2,100%,5,.013,0,0,1,0,0,1,1,0,1,0,1,0,8.0,46,mckayda02
509,Ryan McKenna,25,BAL,1.1,2,2,2,0,0,0,0,0,,0,0,3,3,100%,9,.000,0,0,2,0,0,2,1,1,0,1,0,0,2.0,16,mckenry01
510,Triston McKenzie,24,CLE,191.1,31,1,1,0,1,0,0,0,,0,0,0,0,,6,.815,0,1,0,0,1,0,0,1,1,0,1,0,9.0,47,mckentr01
511,Nick Mears,25,PIT,2.0,2,2,0,0,0,0,0,0,,1,1,0,0,,8,.823,0,0,2,1,0,1,0,2,1,1,1,0,3.0,16,mearsni01
512,Adonis Medina,25,NYM,23.2,14,14,6,1,0,1,1,0,100%,1,0,6,3,50%,9,.661,2,1,11,4,0,10,5,9,9,1,9,0,5.1,30,medinad01
513,Trevor Megill,28,MIN,45.0,39,40,11,4,3,2,0,2,0%,6,3,16,4,25%,7,.832,10,8,22,12,4,24,14,26,14,9,15,3,3.4,20,megiltr01
514,Tylor Megill,26,NYM,47.1,15,6,2,0,0,0,0,0,,0,0,1,0,0%,8,.978,0,0,6,2,0,4,1,5,1,2,1,0,3.0,16,megilty01
515,J.C. Mejía,25,MIL,2.1,2,2,1,0,0,0,0,0,,0,0,0,0,,8,.104,0,0,2,0,0,2,0,2,1,0,1,0,3.5,30,mejiaje02
516,Mark Melancon,37,ARI,56.0,62,62,48,3,10,21,18,3,86%,22,1,3,1,33%,9,1.774,28,8,26,37,13,12,8,54,1,10,1,16,2.7,14,melanma01
517,Conner Menez,27,CHC,1.0,1,1,0,0,0,0,0,0,,0,0,1,0,0%,7,.640,0,1,0,0,0,1,1,0,0,0,1,0,3.0,24,menezco01
518,Daniel Mengden,29,KCR,7.0,5,4,1,0,0,1,1,0,100%,1,0,1,0,0%,7,1.256,1,0,3,1,0,3,2,2,1,1,1,1,3.3,16,mengdda01
519,Whit Merrifield,33,TOR,1.0,1,1,1,0,0,0,0,0,,0,0,0,0,,9,.000,0,0,1,0,0,1,0,1,0,0,0,0,3.0,13,merriwh01
520,Julian Merryweather,30,TOR,26.2,26,25,6,0,2,1,0,1,0%,2,1,9,6,67%,8,.686,6,3,16,11,4,10,5,20,5,6,5,3,3.1,16,merryju01
521,Keynan Middleton,28,ARI,17.0,18,18,2,1,2,2,0,2,0%,3,1,11,2,18%,8,.847,7,1,10,5,4,9,9,9,3,5,5,3,2.8,13,middlke01
522,Miles Mikolas,33,STL,202.1,33,1,0,0,0,0,0,0,,0,0,0,0,,4,.858,0,1,0,0,1,0,0,1,1,0,1,0,9.0,38,mikolmi01
523,Wade Miley,35,CHC,37.0,9,1,0,1,0,0,0,0,,0,0,0,0,,7,.942,1,0,0,0,1,0,0,1,1,0,1,0,6.0,12,mileywa01
524,Shelby Miller,31,SFG,7.0,4,4,0,0,1,0,0,0,,1,1,0,0,,7,1.282,2,2,0,1,3,0,0,4,3,0,3,1,5.3,32,millesh01
525,Tyson Miller,26,TEX,10.2,4,2,0,1,0,0,0,0,,0,0,0,0,,4,1.059,0,2,0,1,0,1,0,2,2,0,2,0,9.0,51,millety01
526,Alec Mills,30,CHC,17.2,7,5,2,0,1,0,0,0,,0,0,1,0,0%,3,.445,1,0,4,0,1,4,2,3,4,1,4,0,8.8,49,millsal02
527,Wyatt Mills,27,TOT,29.1,27,27,3,0,1,0,0,0,,4,4,12,4,33%,,.571,4,7,16,6,2,19,8,19,8,8,10,4,3.3,19,millswy01
528,Wyatt Mills,27,SEA,8.2,8,8,1,0,0,0,0,0,,0,0,3,2,67%,8,.332,0,2,6,0,0,8,2,6,2,2,2,1,3.3,16,millswy01
529,Wyatt Mills,27,KCR,20.2,19,19,2,0,1,0,0,0,,4,4,9,2,22%,7,.657,4,5,10,6,2,11,6,13,6,6,8,3,3.3,20,millswy01
530,Hoby Milner,31,MIL,64.2,67,67,9,3,3,1,0,1,0%,12,11,37,5,14%,7,.960,17,22,28,25,14,28,24,43,17,18,22,16,2.9,16,milneho01
531,Tommy Milone,35,SEA,16.2,7,7,3,1,1,0,0,0,,0,0,0,0,,6,.410,0,2,5,2,2,3,0,7,5,0,5,0,7.1,34,milonto01
532,Juan Minaya,31,MIN,9.2,6,6,2,1,0,0,0,0,,0,0,3,0,0%,8,.546,0,2,4,0,0,6,2,4,4,0,5,0,4.8,29,minayju01
533,A.J. Minter,28,ATL,70.0,75,75,13,5,4,9,5,4,56%,44,34,23,6,26%,8,1.416,37,15,23,54,11,10,15,60,4,13,7,18,2.8,15,minteaj01
534,Anthony Misiewicz,27,TOT,29.0,32,32,10,1,2,0,0,0,,5,4,15,7,47%,,.777,8,8,16,10,4,18,10,22,4,12,6,7,2.7,15,misiean01
535,Anthony Misiewicz,27,SEA,13.2,17,17,3,0,1,0,0,0,,3,3,11,5,45%,8,.792,5,5,7,5,2,10,7,10,0,8,2,4,2.4,14,misiean01
536,Anthony Misiewicz,27,KCR,15.1,15,15,7,1,1,0,0,0,,2,1,4,2,50%,7,.764,3,3,9,5,2,8,3,12,4,4,4,3,3.1,15,misiean01
537,Yadier Molina,39,STL,2.0,2,2,2,0,0,0,0,0,,0,0,0,0,,9,.000,0,0,2,1,0,1,0,2,0,0,0,0,3.0,20,molinya01
538,Sam Moll,30,OAK,43.1,53,53,7,2,1,2,0,2,0%,18,16,42,14,33%,6,1.339,22,13,18,25,8,20,27,26,8,27,13,10,2.5,14,mollsa01
539,Rafael Montero,31,HOU,68.1,71,71,25,5,2,16,14,2,88%,39,23,21,5,24%,8,1.442,34,22,15,50,13,8,12,59,5,11,5,13,2.9,15,montera01
540,Bryce Montes de Oca,26,NYM,3.1,3,3,1,0,0,0,0,0,,0,0,1,0,0%,7,.202,0,0,3,1,0,2,1,2,1,1,1,0,3.3,28,montebr01
541,Matt Moore,33,TEX,74.0,63,63,18,5,2,6,5,1,83%,20,14,21,7,33%,8,1.087,27,14,22,27,14,22,12,51,20,10,20,9,3.5,20,moorema02
542,Francisco Morales,22,PHI,5.0,3,3,2,0,0,1,1,0,100%,1,0,0,0,,7,.780,1,0,2,2,0,1,1,2,2,0,2,0,5.0,26,moralfr02
543,Brian Moran,33,LAA,0.1,1,1,0,0,0,0,0,0,,0,0,1,1,100%,4,.252,0,0,1,0,0,1,1,0,0,1,0,0,1.0,25,moranbr01
544,Jovani Moran,25,MIN,40.2,31,31,16,0,1,1,1,0,100%,3,2,9,3,33%,8,.409,4,5,22,10,1,20,8,23,16,8,17,2,3.9,22,moranjo01
545,Adrián Morejón,23,SDP,34.0,26,26,6,5,1,0,0,0,,5,5,9,0,0%,8,.930,8,8,10,12,5,9,6,20,14,4,15,3,3.9,21,morejad01
546,Dauri Moreta,26,CIN,38.1,35,34,17,0,1,1,1,0,100%,2,1,8,2,25%,9,.432,2,2,30,7,1,26,7,27,10,5,10,7,3.4,18,moretda01
547,Eli Morgan,26,CLE,66.2,50,49,7,5,2,4,0,4,0%,14,10,25,6,24%,7,1.039,18,11,20,24,13,12,16,33,19,8,20,4,3.9,20,morgael01
548,Reyes Moronta,29,TOT,37.2,39,39,14,2,2,4,2,2,50%,8,4,13,6,46%,,.821,8,4,27,28,3,8,9,30,5,8,6,7,2.9,16,moronre01
549,Reyes Moronta,29,LAD,23.2,22,22,6,0,0,0,0,0,,0,0,4,1,25%,9,.228,1,0,21,15,0,7,3,19,5,3,5,4,3.2,18,moronre01
550,Reyes Moronta,29,ARI,14.0,17,17,8,2,2,4,2,2,50%,8,4,9,5,56%,9,1.744,7,4,6,13,3,1,6,11,0,5,1,3,2.5,15,moronre01
551,Cody Morris,25,CLE,23.2,7,2,0,0,0,0,0,0,,1,1,0,0,,7,1.058,0,2,0,1,1,0,0,2,1,0,1,0,4.5,27,morrico01
552,Andrés Muñoz,23,SEA,65.0,64,64,12,2,5,8,4,4,50%,30,22,25,4,16%,7,1.474,37,10,17,41,14,9,17,47,9,6,9,14,3.0,16,munozan01
553,Penn Murfee,28,SEA,69.1,64,63,15,4,0,0,0,0,,9,8,27,4,15%,6,.622,9,19,35,22,6,35,18,45,17,14,17,11,3.2,15,murfepe01
554,Patrick Murphy,27,WSN,5.2,6,6,1,0,0,0,0,0,,0,0,0,0,,7,.154,0,0,6,1,0,5,0,6,0,1,0,1,2.8,24,murphpa02
555,Parker Mushinski,26,HOU,7.1,7,7,1,0,0,0,0,0,,1,1,2,0,0%,8,.622,2,1,4,2,1,4,1,6,2,2,3,1,3.1,16,mushipa01
556,Wil Myers,31,SDP,3.2,4,4,4,0,0,0,0,0,,0,0,2,1,50%,8,.000,0,0,4,0,0,4,1,3,0,1,0,0,2.8,11,myerswi01
557,James Naile,29,STL,9.0,7,7,4,0,0,0,0,0,,0,0,3,0,0%,7,.121,0,1,6,1,0,6,2,5,3,2,3,1,3.9,18,naileja01
558,Tommy Nance,31,MIA,43.2,35,33,8,2,2,2,0,2,0%,4,2,15,9,60%,7,.867,6,7,20,7,3,23,9,24,10,6,11,5,3.5,20,nanceto01
559,Andrew Nardi,23,MIA,14.2,13,13,5,1,1,0,0,0,,1,1,5,5,100%,6,.671,2,4,7,3,2,8,3,10,4,3,5,1,3.4,29,nardian01
560,Packy Naughton,26,STL,32.0,26,23,5,0,0,2,1,1,50%,5,3,17,5,29%,6,.778,5,5,13,10,1,12,12,11,9,9,10,3,3.3,19,naughpa01
561,Kyle Nelson,25,ARI,37.0,43,42,4,2,1,0,0,0,,11,11,21,8,38%,6,1.121,11,16,15,15,8,19,16,26,6,19,12,8,2.6,14,nelsoky01
562,Nick Nelson,26,PHI,68.2,47,45,10,3,1,1,1,0,100%,4,3,23,6,26%,7,.622,3,10,32,15,2,28,14,31,20,7,21,2,4.3,25,nelsoni01
563,Hector Neris,33,HOU,65.1,70,70,26,6,4,7,3,4,43%,32,25,7,1,14%,8,1.369,30,16,24,45,12,13,10,60,1,9,1,14,2.8,14,nerishe01
564,Sheldon Neuse,27,OAK,3.2,3,3,3,0,0,0,0,0,,0,0,2,0,0%,9,.001,0,0,3,0,0,3,1,2,1,0,1,0,3.7,11,neusesh01
565,Sean Newcomb,29,TOT,27.2,20,19,2,2,1,0,0,0,,2,2,11,4,36%,,.717,4,5,10,5,2,12,6,13,7,3,8,2,3.9,26,newcose01
566,Sean Newcomb,29,ATL,5.0,3,3,0,0,0,0,0,0,,0,0,4,4,100%,6,.331,0,2,1,0,0,3,2,1,2,0,2,0,5.0,32,newcose01
567,Sean Newcomb,29,CHC,22.2,17,16,2,2,1,0,0,0,,2,2,7,0,0%,8,.810,4,3,9,5,2,9,4,12,5,3,6,2,3.7,25,newcose01
568,Vinny Nittoli,31,PHI,2.0,2,2,0,0,0,0,0,0,,1,1,0,0,,6,.988,0,1,1,1,0,1,0,2,0,0,0,0,3.0,20,nittovi01
569,Stephen Nogosek,27,NYM,22.0,12,12,3,1,1,0,0,0,,0,0,7,2,29%,5,.235,1,2,9,3,1,8,5,7,9,0,9,1,5.5,31,nogosst01
570,Daniel Norris,29,TOT,58.2,41,38,17,2,3,0,0,0,,3,2,14,4,29%,,.665,5,8,25,7,6,25,11,27,17,7,19,6,3.8,22,norrida01
571,Daniel Norris,29,CHC,30.0,27,26,12,0,3,0,0,0,,2,2,12,4,33%,6,.737,5,5,16,4,5,17,9,17,10,6,12,5,3.3,21,norrida01
572,Daniel Norris,29,DET,28.2,14,12,5,2,0,0,0,0,,1,0,2,0,0%,9,.581,0,3,9,3,1,8,2,10,7,1,7,1,4.8,23,norrida01
573,James Norwood,28,PHI,17.1,20,20,5,1,0,0,0,0,,1,1,4,0,0%,7,.402,2,3,15,7,1,12,2,18,2,7,2,3,2.6,19,norwoja01
574,Riley O'Brien,27,SEA,1.0,1,1,1,0,0,0,0,0,,0,0,0,0,,9,.000,0,0,1,0,0,1,0,1,0,0,0,0,3.0,23,obrieri01
575,Darren O'Day,39,ATL,21.2,28,28,3,2,2,1,0,1,0%,8,5,8,2,25%,7,.978,6,10,12,14,4,10,8,20,1,13,2,3,2.3,14,odayda01
576,Cristofer Ogando,28,TBR,4.1,3,3,2,0,0,0,0,0,,0,0,0,0,,9,.166,0,0,3,1,0,2,0,3,2,0,2,1,4.3,25,ogandcr01
577,Steven Okert,30,MIA,51.1,60,60,5,5,5,4,0,4,0%,24,19,19,5,26%,8,1.521,29,17,14,26,19,15,14,46,4,21,6,15,2.6,16,okertst01
578,Adam Oller,27,OAK,74.1,19,5,3,0,0,0,0,0,,1,1,0,0,,8,.849,0,1,4,1,0,4,0,5,4,0,4,0,5.0,31,ollerad01
579,Kaleb Ort,30,BOS,28.1,25,25,6,1,2,2,1,1,50%,3,1,7,4,57%,6,.735,5,5,15,6,3,16,6,19,6,5,6,7,3.4,21,ortka01
580,Oliver Ortega,25,LAA,34.0,27,27,7,1,3,1,1,0,100%,6,5,10,4,40%,8,1.022,6,9,12,14,5,8,7,20,12,6,13,0,3.8,21,ortegol01
581,Luis Ortiz,26,SFG,8.2,6,6,4,0,0,0,0,0,,0,0,3,1,33%,8,.174,0,0,6,1,0,5,1,5,4,1,4,2,4.3,20,ortizlu02
582,Adam Ottavino,36,NYM,65.2,66,66,19,6,3,6,3,3,50%,27,19,38,14,37%,8,1.143,24,17,25,42,10,14,19,47,12,14,12,11,3.0,16,ottavad01
583,Connor Overton,28,CIN,33.0,6,2,1,0,0,0,0,0,,0,0,1,0,0%,5,.880,0,0,2,0,0,2,1,1,2,0,2,0,12.5,64,overtco01
584,Johan Oviedo,24,TOT,56.0,21,13,3,2,0,1,0,1,0%,1,0,12,6,50%,,.880,2,1,10,2,1,10,7,6,9,1,9,0,4.7,26,oviedjo01
585,Johan Oviedo,24,STL,25.1,14,13,3,2,0,1,0,1,0%,1,0,12,6,50%,8,.779,2,1,10,2,1,10,7,6,9,1,9,0,4.7,26,oviedjo01
586,Chris Owings,30,BAL,1.0,1,1,1,0,0,0,0,0,,0,0,0,0,,9,.000,0,0,1,0,0,1,0,1,0,0,0,0,3.0,10,owingch01
587,Nicholas Padilla,25,CHC,1.2,1,1,0,0,0,0,0,0,,0,0,2,2,100%,4,.553,0,1,0,0,0,1,1,0,1,0,1,0,5.0,39,padilni01
588,Emilio Pagán,31,MIN,63.0,59,59,27,4,6,16,9,7,56%,23,7,13,5,38%,9,1.295,22,9,28,34,8,17,10,49,10,7,14,9,3.2,19,paganem01
589,Jermaine Palacios,25,MIN,0.2,2,2,2,0,0,0,0,0,,0,0,3,0,0%,8,.003,0,0,2,0,0,2,2,0,0,2,0,0,1.0,4,palacje01
590,Andre Pallante,23,STL,108.0,47,37,4,3,2,1,0,1,0%,10,9,23,9,39%,6,1.058,12,13,12,16,8,13,15,22,17,8,17,2,4.4,24,pallaan01
591,Enoli Paredes,26,HOU,3.0,3,3,3,0,0,0,0,0,,0,0,0,0,,9,.013,0,0,3,3,0,0,0,3,0,0,0,1,3.0,19,pareden01
592,Spencer Patton,34,TEX,7.0,7,7,1,0,0,0,0,0,,1,1,2,0,0%,7,.877,2,2,3,1,1,5,2,5,2,3,2,1,3.0,16,pattosp01
593,Joel Payamps,28,TOT,55.2,41,41,16,3,6,2,0,2,0%,6,3,26,8,31%,,.654,10,6,25,11,7,23,19,22,20,8,22,6,4.1,23,payamjo01
594,Joel Payamps,28,KCR,42.2,29,29,14,2,3,2,0,2,0%,3,0,20,6,30%,8,.551,6,3,20,6,3,20,14,15,17,5,17,5,4.4,26,payamjo01
595,Joel Payamps,28,OAK,13.0,12,12,2,1,3,0,0,0,,3,3,6,2,33%,7,1.018,4,3,5,5,4,3,5,7,3,3,5,1,3.3,17,payamjo01
596,Matt Peacock,28,TOT,10.0,9,9,7,0,0,0,0,0,,0,0,9,3,33%,,.166,0,0,9,0,0,9,6,3,3,3,4,1,3.3,17,peacoma01
597,Matt Peacock,28,ARI,2.2,2,2,2,0,0,0,0,0,,0,0,1,1,100%,8,.083,0,0,2,0,0,2,1,1,1,1,1,0,4.0,23,peacoma01
598,Matt Peacock,28,KCR,7.1,7,7,5,0,0,0,0,0,,0,0,8,2,25%,8,.198,0,0,7,0,0,7,5,2,2,2,3,1,3.1,15,peacoma01
599,Elvis Peguero,25,LAA,17.1,13,13,6,0,0,0,0,0,,0,0,14,4,29%,8,.312,1,4,8,2,0,11,8,5,7,5,10,0,4.0,24,pegueel01
600,Ryan Pepiot,24,LAD,36.1,9,2,0,1,0,0,0,0,,0,0,0,0,,6,.904,0,1,1,0,1,1,0,2,2,0,2,0,7.5,66,pepiory01
601,Freddy Peralta,26,MIL,78.0,18,1,0,0,1,1,0,1,0%,1,0,0,0,,7,.935,0,1,0,1,0,0,0,1,1,0,1,0,5.0,34,peralfr01
602,Wandy Peralta,30,NYY,56.1,56,56,18,3,4,9,4,5,44%,19,9,28,6,21%,9,1.390,23,10,23,29,9,18,19,37,15,18,16,10,3.0,15,peralwa01
603,Wily Peralta,33,DET,38.1,28,27,6,2,0,1,0,1,0%,3,2,5,2,40%,5,.653,2,5,20,7,2,18,4,23,11,0,11,2,4.0,24,peralwi01
604,Luis Perdomo,29,MIL,23.2,14,14,3,3,0,1,0,1,0%,2,1,7,2,29%,8,.713,2,4,8,3,1,10,4,10,9,3,9,2,5.1,20,perdolu02
605,Cionel Pérez,26,BAL,57.2,66,66,8,7,1,2,1,1,50%,27,25,40,13,33%,7,1.458,29,22,15,34,18,14,31,35,15,28,20,12,2.6,14,perezci01
606,Francisco Pérez,24,WSN,8.2,10,10,4,0,0,0,0,0,,0,0,1,1,100%,9,.111,0,0,10,2,0,8,1,9,1,3,1,3,2.6,21,perezfr01
607,Oliver Pérez,40,ARI,4.0,7,7,1,1,1,0,0,0,,0,0,3,1,33%,6,.805,1,3,3,0,2,5,2,5,1,6,1,1,1.7,10,perezol01
608,Dillon Peters,29,PIT,39.1,22,18,2,5,1,0,0,0,,4,3,9,5,56%,6,.889,2,10,6,7,4,7,6,12,13,4,14,0,5.1,28,peterdi01
609,David Peterson,26,NYM,105.2,28,9,0,1,0,1,0,1,0%,2,1,4,0,0%,8,1.008,1,3,5,6,0,3,2,7,4,3,4,0,4.9,26,peterda01
610,Jace Peterson,32,MIL,1.0,1,1,1,0,0,0,0,0,,0,0,0,0,,8,.007,0,0,1,0,0,1,0,1,0,0,0,0,3.0,8,peterja01
611,David Phelps,35,TOR,63.2,65,64,11,0,2,2,1,1,50%,11,9,27,6,22%,7,.797,14,12,38,22,9,33,19,45,14,17,15,10,2.9,18,phelpda01
612,Brett Phillips,28,TBR,4.0,3,3,3,0,0,0,0,0,,0,0,0,0,,8,.001,0,0,3,0,0,3,0,3,1,0,1,0,4.0,20,phillbr02
613,Evan Phillips,27,LAD,63.0,64,64,9,7,3,4,2,2,50%,23,19,22,5,23%,8,1.450,26,18,20,38,18,8,16,48,7,10,7,14,3.0,14,phillev01
614,Konnor Pilkington,24,CLE,58.0,15,4,3,0,0,0,0,0,,0,0,0,0,,7,.956,0,0,4,0,0,4,0,4,3,0,3,0,5.3,27,pilkiko01
615,Chad Pinder,30,OAK,1.0,1,1,1,0,0,0,0,0,,0,0,0,0,,9,.001,0,0,1,0,0,1,0,1,0,0,0,0,3.0,26,pindech01
616,Michael Plassmeyer,25,PHI,7.1,2,2,0,0,1,0,0,0,,0,0,3,0,0%,6,.710,0,2,0,0,1,1,1,1,2,0,2,0,11.0,50,plassmi01
617,Kevin Plawecki,31,BOS,1.0,1,1,1,0,0,0,0,0,,0,0,0,0,,8,.000,0,0,1,0,0,1,0,1,0,0,0,0,3.0,18,plaweke01
618,Zach Plesac,27,CLE,131.2,25,1,0,0,0,0,0,0,,0,0,0,0,,6,.938,0,0,1,1,0,0,0,1,0,0,0,0,3.0,6,plesaza01
619,Colin Poche,28,TBR,58.2,65,65,13,4,2,13,7,6,54%,36,23,14,4,29%,8,1.641,28,20,17,47,12,6,11,54,4,14,4,18,2.7,15,pocheco01
620,Zach Pop,25,TOT,39.0,35,35,8,4,0,0,0,0,,3,3,21,4,19%,,.801,7,9,19,9,5,21,13,22,10,6,13,5,3.3,15,popza01
621,Zach Pop,25,MIA,20.0,18,18,6,2,0,0,0,0,,1,1,12,1,8%,9,1.016,5,4,9,2,4,12,8,10,6,3,7,2,3.3,15,popza01
622,Zach Pop,25,TOR,19.0,17,17,2,2,0,0,0,0,,2,2,9,3,33%,8,.560,2,5,10,7,1,9,5,12,4,3,6,3,3.4,15,popza01
623,Sean Poppen,28,ARI,28.2,29,29,6,2,2,1,0,1,0%,5,4,13,1,8%,8,1.022,6,10,13,11,6,12,9,20,6,6,6,4,3.0,15,poppese01
624,Cody Poteet,27,MIA,28.0,12,10,2,0,0,0,0,0,,1,1,5,4,80%,7,.369,0,2,8,2,0,8,3,7,7,0,8,0,6.1,34,poteeco01
625,Ryan Pressly,33,HOU,48.1,50,50,43,3,3,37,33,4,89%,37,0,7,2,29%,9,2.062,26,18,6,42,7,1,4,46,1,6,1,11,2.9,14,pressry01
626,David Price,36,LAD,40.1,40,40,13,2,0,4,2,2,50%,8,4,12,4,33%,7,.681,5,7,28,23,6,11,8,32,9,6,11,4,3.0,15,priceda01
627,Austin Pruitt,32,OAK,55.1,39,38,14,0,1,3,1,2,33%,5,2,12,5,42%,8,.497,4,10,24,7,4,27,11,27,14,10,16,5,4.0,20,pruitau01
628,Albert Pujols,42,STL,1.0,1,1,1,0,0,0,0,0,,0,0,0,0,,9,.000,0,0,1,1,0,0,0,1,0,0,0,0,3.0,27,pujolal01
629,A.J. Puk,27,OAK,66.1,62,62,9,4,3,9,4,5,44%,29,20,22,7,32%,7,1.386,20,25,17,35,9,18,18,44,15,13,18,9,3.2,17,pukaj01
630,José Quijada,26,LAA,40.2,42,42,11,0,5,5,3,2,60%,17,12,28,4,14%,8,1.674,23,11,8,24,11,7,19,23,11,10,13,7,2.9,16,quijajo01
631,Tanner Rainey,29,WSN,30.0,29,29,20,1,3,16,12,4,75%,17,1,3,0,0%,9,2.146,14,6,9,22,3,4,5,24,3,2,3,5,3.1,18,raineta01
632,Brooks Raley,34,TBR,53.2,60,60,12,1,2,9,6,3,67%,35,25,21,6,29%,7,1.383,23,25,12,41,7,12,15,45,8,24,9,14,2.7,14,raleybr01
633,Erasmo Ramírez,32,WSN,86.1,60,58,10,4,1,1,0,1,0%,6,5,33,9,27%,6,.504,4,18,36,13,4,41,21,37,23,5,27,9,4.2,19,ramirer02
634,Noé Ramirez,32,ARI,50.0,55,55,3,5,4,4,0,4,0%,16,11,24,6,25%,7,1.147,20,12,23,27,13,15,17,38,11,23,17,11,2.7,15,ramirno01
635,Yohan Ramirez,27,TOT,37.1,30,30,16,4,1,2,1,1,50%,5,3,11,2,18%,,.913,8,4,18,7,5,18,8,22,9,3,10,4,3.7,21,ramiryo01
636,Yohan Ramirez,27,TOT,10.1,8,8,4,1,0,1,0,1,0%,1,0,2,0,0%,,1.118,1,2,5,2,1,5,3,5,3,2,3,1,3.9,25,ramiryo01
637,Yohan Ramirez,27,SEA,8.1,7,7,3,1,0,1,0,1,0%,1,0,2,0,0%,8,1.347,1,2,4,2,1,4,3,4,2,2,2,1,3.6,23,ramiryo01
638,Yohan Ramirez,27,CLE,2.0,1,1,1,0,0,0,0,0,,0,0,0,0,,8,.285,0,0,1,0,0,1,0,1,1,0,1,0,6.0,40,ramiryo01
639,Yohan Ramirez,27,PIT,27.0,22,22,12,3,1,1,1,0,100%,4,3,9,2,22%,7,.823,7,2,13,5,4,13,5,17,6,1,7,3,3.7,19,ramiryo01
640,Jake Reed,29,TOT,16.2,18,18,5,2,0,1,1,0,100%,1,0,8,6,75%,,.777,4,4,10,6,2,10,6,12,4,7,6,3,2.8,17,reedja02
641,Jake Reed,29,TOT,11.0,10,10,3,1,0,1,1,0,100%,1,0,2,1,50%,,.669,1,2,7,5,0,5,2,8,3,3,4,2,3.3,20,reedja02
642,Jake Reed,29,NYM,6.1,5,5,1,1,0,0,0,0,,0,0,2,1,50%,5,.639,0,2,3,2,0,3,2,3,2,2,3,0,3.8,27,reedja02
643,Jake Reed,29,LAD,4.2,5,5,2,0,0,1,1,0,100%,1,0,0,0,,8,.713,1,0,4,3,0,2,0,5,1,1,1,2,2.8,14,reedja02
644,Jake Reed,29,BAL,5.2,8,8,2,1,0,0,0,0,,0,0,6,5,83%,9,.977,3,2,3,1,2,5,4,4,1,4,2,1,2.1,13,reedja02
645,Sean Reid-Foley,26,NYM,10.0,7,7,3,0,0,0,0,0,,0,0,4,3,75%,9,.317,0,2,5,3,0,4,3,4,3,1,4,0,4.3,28,reidfse01
646,Denyi Reyes,25,BAL,7.2,3,2,1,0,0,0,0,0,,0,0,0,0,,7,.515,0,0,2,0,0,2,0,2,2,0,2,0,6.0,28,reyesde02
647,Franmil Reyes,26,CHC,1.0,1,1,1,0,0,0,0,0,,0,0,1,1,100%,9,.000,0,0,1,0,0,1,1,0,0,0,0,0,3.0,10,reyesfr01
648,Gerardo Reyes,29,LAA,2.0,2,2,1,0,0,0,0,0,,0,0,0,0,,9,.049,0,0,2,2,0,0,0,2,0,0,0,0,3.0,24,reyesge01
649,Pablo Reyes,28,MIL,1.0,1,1,1,0,0,0,0,0,,0,0,0,0,,8,.000,0,0,1,0,0,1,0,1,0,0,0,0,3.0,9,reyespa01
650,Matt Reynolds,31,CIN,1.1,2,2,2,0,0,0,0,0,,0,0,3,3,100%,9,.001,0,0,2,0,0,2,1,1,0,1,0,0,2.0,11,reynoma03
651,Garrett Richards,34,TEX,42.2,32,30,11,1,0,1,1,0,100%,4,3,4,0,0%,9,.437,1,8,21,10,1,19,2,28,13,7,14,2,4.0,22,richaga01
652,Trevor Richards,29,TOR,64.0,62,58,10,3,1,1,0,1,0%,10,8,28,8,29%,8,.712,10,19,29,19,6,33,15,43,16,13,18,11,3.1,19,richatr01
653,Ethan Roberts,24,CHC,7.2,9,9,3,0,1,0,0,0,,1,1,3,3,100%,7,1.039,2,2,5,4,0,5,2,7,0,3,0,1,2.6,20,roberet01
654,David Robertson,37,TOT,63.2,58,58,33,4,3,28,20,8,71%,31,3,9,1,11%,,2.180,32,11,15,35,11,12,6,52,10,1,10,11,3.3,18,roberda08
655,David Robertson,37,CHC,40.1,36,36,22,3,0,19,14,5,74%,19,0,9,1,11%,9,2.458,21,6,9,22,7,7,5,31,8,0,8,9,3.4,18,roberda08
656,David Robertson,37,PHI,23.1,22,22,11,1,3,9,6,3,67%,12,3,0,0,,9,1.716,11,5,6,13,4,5,1,21,2,1,2,2,3.2,19,roberda08
657,Hansel Robles,31,BOS,24.2,26,26,8,1,3,8,2,6,25%,15,7,7,2,29%,8,1.842,12,7,7,16,3,7,5,21,4,7,4,8,2.8,16,robleha01
658,Dereck Rodríguez,30,MIN,7.2,2,2,1,0,1,0,0,0,,0,0,0,0,,12,1.958,1,0,1,0,1,1,1,1,2,0,2,0,11.5,50,rodride01
659,Elvin Rodriguez,24,DET,29.2,7,2,0,0,1,0,0,0,,0,0,3,0,0%,5,.666,1,0,1,0,0,2,1,1,2,0,2,0,9.5,70,rodriel02
660,Joely Rodríguez,30,NYM,50.1,55,55,9,2,4,0,0,0,,9,9,17,3,18%,7,.806,10,10,35,25,8,22,13,42,10,20,19,7,2.7,15,rodrijo06
661,Manuel Rodríguez,25,CHC,13.2,14,14,5,2,0,6,4,2,67%,8,2,6,1,17%,8,1.923,8,4,2,11,0,3,6,8,3,6,4,2,2.9,15,rodrima01
662,Yerry Rodríguez,24,TEX,1.0,1,1,0,0,0,0,0,0,,1,1,0,0,,7,1.064,0,1,0,1,0,0,0,1,0,0,0,0,3.0,18,rodriye01
663,Josh Rogers,27,WSN,26.1,16,13,4,1,0,0,0,0,,1,1,8,5,63%,5,.706,1,3,9,3,1,9,5,8,3,5,3,3,2.8,15,rogerjo01
664,Taylor Rogers,31,TOT,64.1,66,66,40,4,8,41,31,10,76%,45,4,17,5,29%,,2.017,35,24,7,49,13,4,14,52,7,10,7,17,2.9,16,rogerta01
665,Taylor Rogers,31,SDP,41.1,42,42,35,1,5,35,28,7,80%,35,0,11,3,27%,9,2.221,23,15,4,37,4,1,9,33,4,5,4,11,3.0,16,rogerta01
666,Taylor Rogers,31,MIL,23.0,24,24,5,3,3,6,3,3,50%,10,4,6,2,33%,8,1.662,12,9,3,12,9,3,5,19,3,5,3,6,2.9,16,rogerta01
667,Tyler Rogers,31,SFG,75.2,68,68,8,3,4,1,0,1,0%,16,15,11,6,55%,8,1.190,24,20,24,31,17,20,7,61,17,13,17,16,3.3,17,rogerty01
668,Jordan Romano,29,TOR,64.0,63,63,52,5,4,42,36,6,86%,45,3,15,3,20%,9,2.466,40,14,9,52,9,2,15,48,9,6,9,16,3.0,16,romanjo03
669,Jhon Romero,27,MIN,5.0,4,4,3,0,0,0,0,0,,0,0,3,3,100%,8,.341,0,2,2,1,0,3,1,3,1,0,1,0,3.8,23,romerjh01
670,JoJo Romero,25,TOT,16.1,17,17,5,0,0,0,0,0,,0,0,8,1,13%,,.678,6,1,10,3,5,9,5,12,4,5,6,3,2.9,16,romerjo01
671,JoJo Romero,25,PHI,2.0,2,2,1,0,0,0,0,0,,0,0,0,0,,9,.010,0,0,2,1,0,1,0,2,0,0,0,0,3.0,17,romerjo01
672,JoJo Romero,25,STL,14.1,15,15,4,0,0,0,0,0,,0,0,8,1,13%,8,.795,6,1,8,2,5,8,5,10,4,5,6,3,2.9,16,romerjo01
673,Tommy Romero,24,TOT,8.1,4,2,1,1,0,0,0,0,,0,0,0,0,,,.535,0,0,2,1,0,1,0,2,1,0,1,0,4.5,21,romerto01
674,Tommy Romero,24,TBR,4.2,3,2,1,1,0,0,0,0,,0,0,0,0,,8,.539,0,0,2,1,0,1,0,2,1,0,1,0,4.5,21,romerto01
675,Sergio Romo,39,TOT,18.0,23,23,5,0,1,0,0,0,,4,4,10,3,30%,,.941,6,5,12,6,2,15,8,15,1,9,1,7,2.3,15,romose01
676,Sergio Romo,39,SEA,14.1,17,17,3,0,0,0,0,0,,4,4,9,3,33%,7,1.036,5,5,7,5,1,11,6,11,1,6,1,5,2.5,16,romose01
677,Sergio Romo,39,TOR,3.2,6,6,2,0,1,0,0,0,,0,0,1,0,0%,7,.498,1,0,5,1,1,4,2,4,0,3,0,2,1.8,10,romose01
678,Angel Rondón,24,STL,5.0,1,1,0,1,0,0,0,0,,0,0,0,0,,1,.458,0,1,0,1,0,0,0,1,1,0,1,0,15.0,90,rondoan01
679,Kenny Rosenberg,26,LAA,10.2,3,2,1,0,0,0,0,0,,0,0,1,0,0%,8,.592,0,0,2,0,0,2,1,1,1,0,1,0,9.0,61,rosenke01
680,Bubby Rossman,30,PHI,1.0,1,1,1,0,0,0,0,0,,0,0,0,0,,8,.022,0,0,1,0,0,1,0,1,0,0,0,0,3.0,18,rossmbu01
681,Michael Rucker,28,CHC,54.2,41,41,9,3,1,0,0,0,,5,4,23,5,22%,7,.687,10,7,24,13,5,23,15,26,18,4,21,8,4.0,22,ruckemi01
682,Darin Ruf,35,NYM,2.0,1,1,1,0,0,0,0,0,,0,0,0,0,,7,.000,0,0,1,0,0,1,0,1,1,0,1,0,6.0,14,rufda01
683,José Ruiz,27,CHW,60.2,63,63,21,1,0,0,0,0,,11,11,28,11,39%,8,.584,10,14,39,22,2,39,15,48,4,12,6,14,2.9,18,ruizjo01
684,Norge Ruíz,28,OAK,19.0,14,14,6,0,1,1,0,1,0%,2,1,8,2,25%,8,.440,1,2,11,2,0,12,7,7,8,4,9,2,4.1,26,ruizno01
685,Connor Sadzeck,30,MIL,3.0,2,2,2,0,0,0,0,0,,0,0,0,0,,9,.035,0,0,2,1,0,1,0,2,1,0,1,0,4.5,24,sadzeco01
686,Adrian Sampson,30,CHC,104.1,21,2,2,0,0,0,0,0,,0,0,1,0,0%,9,.886,0,0,2,0,0,2,1,1,1,0,1,0,8.5,37,sampsad01
687,Aaron Sanchez,29,TOT,60.0,15,5,2,0,0,0,0,0,,0,0,2,0,0%,,.734,0,1,4,0,0,5,2,3,5,0,5,0,9.6,47,sanchaa01
688,Aaron Sanchez,29,MIN,28.2,8,5,2,0,0,0,0,0,,0,0,2,0,0%,6,.630,0,1,4,0,0,5,2,3,5,0,5,0,9.6,47,sanchaa01
689,Cristopher Sánchez,25,PHI,40.0,15,12,3,0,1,1,1,0,100%,3,2,11,6,55%,7,.667,2,3,7,6,0,6,5,7,9,1,10,0,6.7,39,sanchcr01
690,Miguel Sánchez,28,MIL,13.1,12,12,3,1,1,0,0,0,,2,2,6,2,33%,7,1.078,4,1,7,3,3,6,4,8,4,4,4,3,3.3,18,sanchmi01
691,Yolmer Sanchez,30,BOS,1.0,1,1,1,0,0,0,0,0,,0,0,0,0,,9,.000,0,0,1,0,0,1,0,1,0,0,0,0,3.0,15,sanchca01
692,Phoenix Sanders,27,TBR,14.2,8,8,3,0,0,0,0,0,,0,0,2,1,50%,8,.250,0,2,6,3,0,5,1,7,6,0,6,1,5.5,27,sandeph01
693,Nick Sandlin,25,CLE,44.0,46,46,11,5,2,3,0,3,0%,11,8,30,10,33%,8,1.549,19,6,21,22,9,15,21,25,7,12,9,7,2.9,16,sandlni01
694,Cole Sands,24,MIN,30.2,11,8,5,0,0,1,1,0,100%,1,0,3,0,0%,8,.567,0,1,7,3,0,5,2,6,6,0,6,0,6.9,41,sandsco01
695,Reiver Sanmartin,26,CIN,57.0,45,41,3,4,0,0,0,0,,7,7,26,9,35%,7,.865,13,9,19,12,9,20,18,23,11,17,14,6,3.3,19,sanmare01
696,Dennis Santana,26,TEX,58.2,63,62,13,3,7,3,1,2,33%,23,20,40,9,23%,8,1.274,23,16,23,28,10,24,26,36,13,23,15,12,2.7,15,santade01
697,Tony Santillan,25,CIN,19.2,21,21,4,0,1,7,4,3,57%,13,6,16,5,31%,8,1.967,12,5,4,13,4,4,10,11,6,8,6,1,2.8,19,santito01
698,Gregory Santos,22,SFG,3.2,2,2,1,0,0,0,0,0,,0,0,1,0,0%,7,.174,0,0,2,0,0,2,1,1,2,0,2,0,5.5,34,santogr01
699,Tayler Saucedo,29,TOR,2.2,4,4,0,0,0,0,0,0,,0,0,6,2,33%,7,.542,0,3,1,0,0,4,3,1,1,3,2,0,2.0,12,sauceta01
700,Hirokazu Sawamura,34,BOS,50.2,49,49,11,1,1,0,0,0,,3,3,33,16,48%,7,.611,8,9,32,13,5,31,21,28,12,13,14,8,3.1,17,sawamhi01
701,Josh Sborz,28,TEX,22.1,19,18,6,1,0,1,0,1,0%,2,1,7,5,71%,8,.487,1,5,12,5,1,12,5,13,5,1,7,2,3.6,22,sborzjo01
702,Clarke Schmidt,26,NYY,57.2,29,26,7,5,3,3,2,1,67%,7,4,12,3,25%,7,1.120,10,8,8,11,6,9,12,14,15,3,16,1,5.3,28,schmicl01
703,John Schreiber,28,BOS,65.0,64,64,13,4,4,11,8,3,73%,33,22,45,14,31%,7,1.581,37,18,9,40,15,9,26,38,16,17,16,16,3.0,16,schrejo01
704,Max Schrock,27,CIN,1.0,1,1,1,0,0,0,0,0,,0,0,0,0,,8,.003,0,0,1,0,0,1,0,1,0,0,0,0,3.0,26,schroma01
705,Frank Schwindel,30,CHC,3.0,3,3,3,0,0,0,0,0,,0,0,0,0,,9,.000,0,0,3,0,0,3,0,3,0,0,0,0,3.0,14,schwifr01
706,Tanner Scott,27,MIA,62.2,67,67,35,4,5,27,20,7,74%,32,4,8,5,63%,9,1.737,28,18,21,38,10,19,9,58,3,11,3,17,2.8,19,scottta01
707,Tayler Scott,30,SDP,12.0,8,8,2,0,1,0,0,0,,0,0,7,1,14%,4,.539,1,3,4,2,2,4,3,5,5,1,5,1,4.5,32,scottta02
708,JP Sears,26,TOT,70.0,17,6,1,1,0,0,0,0,,0,0,2,0,0%,,.970,1,1,4,1,0,5,1,5,4,0,5,0,8.7,38,searsjp01
709,JP Sears,26,NYY,22.0,7,5,1,1,0,0,0,0,,0,0,2,0,0%,9,.987,1,1,3,1,0,4,1,4,3,0,4,0,6.8,30,searsjp01
710,JP Sears,26,OAK,48.0,10,1,0,0,0,0,0,0,,0,0,0,0,,2,.963,0,0,1,0,0,1,0,1,1,0,1,0,18.0,79,searsjp01
711,Cody Sedlock,27,BAL,3.0,1,1,0,0,0,0,0,0,,0,0,0,0,,5,.069,0,0,1,0,0,1,0,1,1,0,1,0,9.0,71,sedloco01
712,Sam Selman,31,OAK,18.1,16,16,7,0,0,1,0,1,0%,1,0,11,5,45%,8,.289,1,0,15,2,0,14,6,10,5,4,5,2,3.4,18,selmasa01
713,Brian Serven,27,COL,1.0,1,1,1,0,0,0,0,0,,0,0,0,0,,9,.000,0,0,1,0,0,1,0,1,0,0,0,0,3.0,8,servebr01
714,Anderson Severino,27,CHW,7.1,6,6,4,0,0,0,0,0,,0,0,6,1,17%,9,.128,0,0,6,0,0,6,3,3,3,2,3,0,3.7,22,severan01
715,Paul Sewald,32,SEA,64.0,65,65,37,5,4,25,20,5,80%,33,8,14,5,36%,9,1.585,34,14,17,42,18,5,14,51,6,8,6,16,3.0,15,sewalpa01
716,Bryan Shaw,34,CLE,58.1,60,58,11,6,2,1,1,0,100%,9,5,19,5,26%,8,.942,15,11,32,22,8,28,15,43,6,16,8,12,2.8,15,shawbr01
717,Jordan Sheffield,27,COL,2.0,2,2,2,0,0,0,0,0,,0,0,0,0,,9,.160,0,0,2,0,0,2,0,2,0,0,0,1,3.0,19,sheffjo01
718,Justus Sheffield,26,SEA,11.2,6,5,3,0,0,0,0,0,,0,0,2,0,0%,8,.940,0,1,4,0,0,5,1,4,2,1,2,0,4.0,16,sheffju01
719,Chasen Shreve,31,NYM,26.1,25,25,4,1,1,1,0,1,0%,5,4,17,9,53%,6,.567,5,4,16,11,2,12,12,13,8,7,10,1,3.2,19,shrevch01
720,Andrelton Simmons,32,CHC,1.0,1,1,1,0,0,0,0,0,,0,0,0,0,,8,.000,0,0,1,0,0,1,0,1,0,0,0,0,3.0,25,simmoan01
721,Lucas Sims,28,CIN,6.2,6,6,1,1,0,1,1,0,100%,1,0,4,1,25%,6,1.108,2,2,2,1,1,4,2,4,2,1,2,1,3.3,22,simslu01
722,Brady Singer,25,KCR,153.1,27,3,2,0,0,0,0,0,,0,0,0,0,,7,.975,0,0,3,1,0,2,0,3,2,1,2,0,5.7,34,singebr01
723,Devin Smeltzer,26,MIN,70.1,15,3,1,1,0,1,0,1,0%,1,0,1,1,100%,7,.842,1,1,1,1,1,1,1,2,3,0,3,0,7.7,41,smeltde01
724,Caleb Smith,30,ARI,70.0,44,43,14,1,2,0,0,0,,6,6,15,3,20%,6,.613,7,12,24,13,8,22,10,33,24,6,25,6,4.8,28,smithca03
725,Chad Smith,27,COL,18.0,15,15,2,0,1,1,0,1,0%,1,0,14,9,64%,7,.624,2,5,8,2,1,12,8,7,8,2,8,2,3.6,22,smithch12
726,Drew Smith,28,NYM,46.0,44,44,6,3,3,2,0,2,0%,16,14,14,8,57%,7,1.170,14,16,14,32,8,4,11,33,10,9,11,3,3.1,18,smithdr01
727,Joe Smith,38,MIN,27.1,34,34,3,1,1,2,0,2,0%,16,14,14,0,0%,7,1.464,14,9,11,25,4,5,9,25,1,15,1,7,2.4,13,smithjo05
728,Will Smith,32,TOT,59.0,65,65,18,0,3,8,5,3,63%,24,16,17,9,53%,,1.205,20,13,32,43,6,16,12,53,1,12,1,15,2.7,15,smithwi04
729,Will Smith,32,ATL,37.0,41,41,12,0,1,8,5,3,63%,18,10,13,6,46%,8,1.477,15,10,16,29,4,8,8,33,1,7,1,10,2.7,16,smithwi04
730,Will Smith,32,HOU,22.0,24,24,6,0,2,0,0,0,,6,6,4,3,75%,8,.689,5,3,16,14,2,8,4,20,0,5,0,5,2.8,14,smithwi04
731,Kirby Snead,27,OAK,44.2,46,46,14,1,1,3,1,2,33%,8,5,25,6,24%,8,.675,7,12,27,11,5,30,17,29,10,16,13,8,2.9,17,sneadki01
732,Blake Snell,29,SDP,128.0,24,1,0,0,0,0,0,0,,0,0,0,0,,1,.994,0,0,0,0,0,0,0,0,0,1,0,0,0.0,,snellbl01
733,Collin Snider,26,KCR,34.1,42,42,2,4,2,2,0,2,0%,9,7,31,6,19%,6,1.199,12,22,8,11,9,22,20,22,4,19,5,12,2.5,14,snideco01
734,Nicklaus Snyder,26,TEX,1.0,2,2,0,0,0,0,0,0,,0,0,0,0,,8,.580,0,1,1,0,0,2,0,2,0,1,0,0,1.5,17,snydeni01
735,Jared Solomon,25,CIN,8.1,9,9,5,0,0,0,0,0,,0,0,0,0,,9,.316,0,2,7,3,0,6,0,9,0,2,0,1,2.8,17,solomja01
736,Gregory Soto,27,DET,60.1,64,64,54,2,11,33,30,3,91%,35,2,10,2,20%,9,2.049,38,6,20,41,13,10,8,56,5,10,5,14,2.8,17,sotogr01
737,Bennett Sousa,27,CHW,20.1,25,25,2,3,0,2,1,1,50%,8,5,19,6,32%,6,.789,4,13,8,9,2,14,12,13,4,14,8,4,2.4,15,sousabe01
738,Gabe Speier,27,KCR,19.1,17,16,5,0,1,1,0,1,0%,3,2,11,5,45%,7,.674,3,2,11,5,1,10,7,9,6,5,8,3,3.3,18,speiega01
739,Jeffrey Springs,29,TBR,135.1,33,8,0,1,0,0,0,0,,0,0,10,2,20%,7,.999,3,4,1,1,3,4,5,3,3,3,3,0,3.9,18,sprinje01
740,Locke St. John,29,CHC,2.0,1,1,1,0,0,0,0,0,,0,0,0,0,,7,.021,0,0,1,0,0,1,0,1,1,0,1,0,6.0,29,stjohlo01
741,Craig Stammen,38,SDP,40.2,33,32,9,1,1,1,0,1,0%,3,2,18,12,67%,9,.586,5,3,24,14,3,15,10,22,12,5,12,4,3.5,20,stammcr01
742,Ryne Stanek,30,HOU,54.2,59,59,10,2,1,5,1,4,20%,22,17,22,9,41%,7,1.388,23,13,23,31,7,21,16,43,5,13,5,5,2.8,15,stanery01
743,Cody Stashak,28,MIN,16.1,11,11,4,3,0,0,0,0,,1,1,7,6,86%,9,.387,1,3,7,6,2,3,4,7,5,1,5,0,4.5,21,stashco01
744,Josh Staumont,28,KCR,37.2,42,42,15,3,3,6,3,3,50%,11,5,7,2,29%,8,1.248,14,6,22,17,8,17,4,38,2,9,4,10,2.7,17,staumjo01
745,Drew Steckenrider,31,SEA,14.1,16,16,3,0,2,4,2,2,50%,8,4,0,0,,9,1.374,6,5,5,9,2,5,0,16,0,4,0,0,2.7,18,steckdr01
746,Trevor Stephan,26,CLE,63.2,66,66,8,6,5,5,3,2,60%,25,19,20,5,25%,8,1.578,33,16,17,35,16,15,20,46,10,16,12,12,2.9,16,stephtr01
747,Jackson Stephens,28,ATL,53.2,39,38,24,3,3,3,2,1,67%,5,2,6,2,33%,9,.803,6,3,29,13,4,21,11,27,13,6,13,1,4.0,23,stephja01
748,Robert Stephenson,29,TOT,58.0,58,58,13,2,2,3,0,3,0%,11,8,22,4,18%,,.745,16,6,36,20,7,31,15,43,9,12,10,8,3.0,16,stephro01
749,Robert Stephenson,29,COL,44.2,45,45,9,2,1,2,0,2,0%,8,6,18,4,22%,7,.677,10,6,29,14,4,27,13,32,7,11,7,7,3.0,16,stephro01
750,Robert Stephenson,29,PIT,13.1,13,13,4,0,1,1,0,1,0%,3,2,4,0,0%,8,1.011,6,0,7,6,3,4,2,11,2,1,3,1,3.1,16,stephro01
751,Eric Stout,29,TOT,22.1,20,20,4,0,0,2,1,1,50%,3,1,13,7,54%,,.631,4,3,13,3,0,17,10,10,7,6,9,4,3.4,23,stouter01
752,Eric Stout,29,CHC,3.2,2,2,1,0,0,0,0,0,,0,0,0,0,,8,.017,0,0,2,0,0,2,0,2,2,0,2,1,5.5,30,stouter01
753,Eric Stout,29,PIT,18.2,18,18,3,0,0,2,1,1,50%,3,1,13,7,54%,5,.728,4,3,11,3,0,15,10,8,5,6,7,3,3.1,22,stouter01
754,Matt Strahm,30,BOS,44.2,50,50,10,4,4,9,4,5,44%,22,13,26,7,27%,8,1.514,24,15,11,32,11,7,20,30,8,20,13,11,2.7,15,strahma01
755,Dee Strange-Gordon,34,WSN,1.0,1,1,1,0,0,0,0,0,,0,0,0,0,,8,.000,0,0,1,0,0,1,0,1,0,0,0,0,3.0,28,gordode01
756,Chris Stratton,31,TOT,63.1,60,59,23,10,4,7,2,5,29%,15,8,33,13,39%,,1.302,21,12,26,25,9,25,20,39,15,18,18,9,3.1,18,stratch01
757,Chris Stratton,31,PIT,40.2,40,39,14,5,4,7,2,5,29%,15,8,17,8,47%,8,1.461,17,9,13,17,8,14,11,28,8,11,10,9,2.9,18,stratch01
758,Chris Stratton,31,STL,22.2,20,20,9,5,0,0,0,0,,0,0,16,5,31%,9,1.007,4,3,13,8,1,11,9,11,7,7,8,0,3.4,19,stratch01
759,Hunter Strickland,33,CIN,62.1,66,66,35,3,3,11,7,4,64%,15,4,14,4,29%,9,.963,20,8,38,22,9,35,8,58,4,10,5,14,2.8,17,strichu01
760,Spencer Strider,23,ATL,131.2,31,11,3,1,1,1,0,1,0%,3,2,3,0,0%,7,.930,4,3,4,3,1,7,3,8,7,1,8,0,6.6,37,stridsp01
761,Ross Stripling,32,TOR,134.1,32,8,2,1,0,1,1,0,100%,1,0,3,0,0%,5,.870,1,2,5,4,0,4,1,7,4,2,4,1,4.1,26,stripro01
762,Peter Strzelecki,27,MIL,35.0,30,30,13,2,1,3,1,2,33%,7,4,9,3,33%,8,.857,5,10,15,13,1,16,6,24,9,6,9,3,3.5,20,strzepe01
763,Garrett Stubbs,29,PHI,3.2,4,4,4,0,0,0,0,0,,0,0,0,0,,9,.000,0,0,4,0,0,4,0,4,0,1,0,0,2.8,15,stubbga01
764,José Suarez,24,LAA,109.0,22,2,0,1,0,0,0,0,,0,0,1,0,0%,9,1.069,2,0,0,0,2,0,1,1,1,1,1,0,10.0,55,suarejo01
765,Robert Suarez,31,SDP,47.2,45,45,6,5,1,4,1,3,25%,18,11,17,5,29%,8,1.476,26,5,14,27,10,8,12,33,11,6,11,4,3.2,18,suarero01
766,Beau Sulser,28,TOT,22.1,10,10,6,0,0,0,0,0,,0,0,12,6,50%,,.162,0,1,9,0,0,10,7,3,8,0,8,0,6.7,36,sulsebe01
767,Beau Sulser,28,PIT,9.2,4,4,2,0,0,0,0,0,,0,0,2,2,100%,8,.120,0,0,4,0,0,4,1,3,3,0,3,0,7.3,41,sulsebe01
768,Beau Sulser,28,BAL,12.2,6,6,4,0,0,0,0,0,,0,0,10,4,40%,7,.199,0,1,5,0,0,6,6,0,5,0,5,0,6.3,33,sulsebe01
769,Cole Sulser,32,MIA,34.0,39,39,14,1,4,5,2,3,40%,11,5,17,3,18%,9,.985,10,10,19,16,3,20,8,31,3,11,3,5,2.6,16,sulseco01
770,Brent Suter,32,MIL,66.2,54,54,17,5,3,0,0,0,,1,1,19,11,58%,9,.742,9,9,36,10,8,36,16,38,20,9,21,8,3.7,20,suterbr01
771,Erik Swanson,28,SEA,53.2,57,56,9,3,2,5,3,2,60%,19,14,12,4,33%,7,1.142,19,12,25,30,9,17,9,47,5,12,6,16,2.8,15,swanser01
772,Matt Swarmer,28,CHC,34.0,11,6,2,1,0,0,0,0,,0,0,1,1,100%,3,.787,0,3,3,2,0,4,1,5,4,1,4,0,4.7,36,swarmma01
773,Noah Syndergaard,29,TOT,134.2,25,1,0,0,0,0,0,0,,0,0,0,0,,,.996,0,1,0,0,1,0,0,1,1,0,1,0,6.0,28,syndeno01
774,Noah Syndergaard,29,PHI,54.2,10,1,0,0,0,0,0,0,,0,0,0,0,,5,.977,0,1,0,0,1,0,0,1,1,0,1,0,6.0,28,syndeno01
775,Thomas Szapucki,26,TOT,15.0,11,10,2,0,0,0,0,0,,1,1,8,4,50%,,.693,1,3,6,5,0,5,4,6,5,2,5,1,4.1,24,szaputh01
776,Thomas Szapucki,26,SFG,13.2,10,10,2,0,0,0,0,0,,1,1,8,4,50%,5,.734,1,3,6,5,0,5,4,6,5,2,5,1,4.1,24,szaputh01
777,Domingo Tapia,30,OAK,17.0,11,11,4,0,0,0,0,0,,0,0,5,3,60%,7,.108,0,0,11,0,0,11,4,7,8,2,8,1,4.6,33,tapiado01
778,Freddy Tarnok,23,ATL,0.2,1,1,1,0,0,0,0,0,,0,0,1,1,100%,9,.155,0,0,1,0,0,1,1,0,0,1,0,0,2.0,10,tarnofr01
779,Dillon Tate,28,BAL,73.2,67,67,13,4,4,6,5,1,83%,22,16,23,2,9%,7,1.366,28,16,23,33,16,18,18,49,21,13,27,10,3.3,16,tatedi01
780,Blake Taylor,26,HOU,16.0,19,19,4,1,1,0,0,0,,4,4,9,3,33%,7,.765,5,4,10,10,2,7,6,13,3,9,4,2,2.5,16,taylobl01
781,Michael A. Taylor,31,KCR,2.0,1,1,1,0,0,0,0,0,,0,0,0,0,,8,.000,0,0,1,0,0,1,0,1,1,0,1,0,6.0,37,taylomi02
782,Ryan Tepera,34,LAA,57.1,59,59,12,5,4,11,6,5,55%,28,17,21,9,43%,8,1.615,31,13,15,38,14,7,12,47,7,10,9,4,2.9,15,teperry01
783,Caleb Thielbar,35,MIN,59.1,67,67,10,4,3,2,1,1,50%,20,18,43,8,19%,6,1.318,27,21,19,34,16,17,27,40,12,23,17,14,2.7,15,thielca01
784,Keegan Thompson,27,CHC,115.0,29,12,4,4,0,2,1,1,50%,3,0,13,4,31%,7,1.018,6,3,3,7,2,3,6,6,12,0,12,0,9.2,45,thompke02
785,Mason Thompson,24,WSN,24.2,24,24,8,1,1,2,1,1,50%,2,0,9,0,0%,7,.378,2,3,19,2,1,21,5,19,4,4,4,6,3.1,15,thompma02
786,Ryan Thompson,30,TBR,42.2,47,47,7,3,3,8,3,5,38%,18,10,20,7,35%,6,1.437,24,12,11,22,13,12,16,31,7,16,8,14,2.7,14,thompry02
787,Zach Thompson,28,PIT,121.2,29,7,1,1,0,0,0,0,,0,0,0,0,,8,.857,0,1,6,3,1,3,0,7,5,1,5,0,8.3,46,thompza01
788,Zack Thompson,24,STL,34.2,22,21,4,1,1,1,1,0,100%,1,0,5,3,60%,8,.540,1,6,14,6,2,13,4,17,9,4,11,2,4.2,23,thompza02
789,Tyler Thornburg,33,TOT,19.0,14,14,9,0,1,1,0,1,0%,1,0,10,3,30%,,.564,2,0,12,2,0,12,5,9,6,2,6,1,4.1,26,thornty01
790,Tyler Thornburg,33,ATL,9.1,9,9,6,0,0,0,0,0,,0,0,6,2,33%,8,.204,1,0,8,0,0,9,3,6,2,2,2,0,3.1,24,thornty01
791,Tyler Thornburg,33,MIN,9.2,5,5,3,0,1,1,0,1,0%,1,0,4,1,25%,8,.987,1,0,4,2,0,3,2,3,4,0,4,1,5.8,30,thornty01
792,Trent Thornton,28,TOR,46.0,32,32,6,0,2,1,0,1,0%,4,3,17,1,6%,8,.547,4,8,20,10,4,18,10,22,16,5,19,3,4.3,21,thorntr01
793,Jesus Tinoco,27,TEX,20.2,17,15,2,0,0,0,0,0,,4,4,10,3,30%,6,1.017,4,4,7,4,1,10,6,9,6,4,7,3,3.5,19,tinocje01
794,Justin Topa,31,MIL,7.1,7,7,1,0,0,1,0,1,0%,2,1,4,1,25%,8,.869,2,1,4,2,2,3,3,4,3,3,5,1,3.1,18,topaju01
795,Luis Torrens,26,SEA,2.0,2,2,2,1,0,0,0,0,,0,0,0,0,,10,1.428,1,0,1,0,1,1,1,1,0,0,0,0,3.0,17,torrelu01
796,Touki Toussaint,26,LAA,25.1,8,6,2,1,0,0,0,0,,0,0,2,2,100%,7,.560,0,0,6,0,0,6,1,5,5,1,5,0,8.8,50,toussto01
797,Blake Treinen,34,LAD,5.0,5,5,1,1,1,0,0,0,,1,1,0,0,,7,.732,2,1,2,2,2,1,0,5,0,0,0,1,3.0,14,treinbl01
798,Lou Trivino,30,TOT,53.2,64,64,30,2,8,14,11,3,79%,18,4,48,9,19%,,1.518,29,10,25,26,12,26,29,35,6,27,12,15,2.5,15,trivilo01
799,Lou Trivino,30,OAK,32.0,39,39,23,1,6,12,10,2,83%,14,2,20,2,10%,9,1.561,17,5,17,19,5,15,13,26,2,15,3,9,2.5,15,trivilo01
800,Lou Trivino,30,NYY,21.2,25,25,7,1,2,2,1,1,50%,4,2,28,7,25%,7,1.445,12,5,8,7,7,11,16,9,4,12,9,6,2.6,14,trivilo01
801,Tanner Tully,27,CLE,6.0,3,3,2,0,0,0,0,0,,0,0,0,0,,9,.195,0,0,3,1,0,2,0,3,2,0,2,0,6.0,39,tullyta01
802,Kyle Tyler,25,SDP,4.0,2,2,1,1,0,0,0,0,,0,0,2,1,50%,8,.179,0,0,2,1,0,1,1,1,2,0,2,1,6.0,20,tylerky01
803,Edwin Uceta,24,ARI,17.0,10,10,5,0,0,0,0,0,,0,0,8,4,50%,9,.196,0,1,9,1,0,9,4,6,4,1,4,1,5.1,29,ucetaed01
804,Erich Uelmen,26,CHC,27.0,25,25,8,2,1,2,1,1,50%,5,3,16,5,31%,6,1.200,7,2,16,13,2,10,8,17,8,8,9,5,3.2,19,uelmeer01
805,Duane Underwood Jr.,27,PIT,57.1,51,50,9,1,5,4,1,3,25%,16,12,20,6,30%,7,1.352,22,13,15,18,11,21,15,35,15,7,16,9,3.4,20,underdu01
806,José Ureña,30,TOT,97.0,21,4,1,0,0,0,0,0,,0,0,4,3,75%,,.890,0,0,4,2,0,2,2,2,3,0,3,0,5.8,30,urenajo01
807,José Ureña,30,MIL,7.2,4,4,1,0,0,0,0,0,,0,0,4,3,75%,4,.298,0,0,4,2,0,2,2,2,3,0,3,0,5.8,30,urenajo01
808,José Urquidy,27,HOU,164.1,29,1,0,0,0,0,0,0,,0,0,0,0,,7,.876,0,1,0,0,0,1,0,1,1,0,1,0,6.0,44,urquijo01
809,César Valdez,37,LAA,1.0,1,1,1,0,0,0,0,0,,0,0,3,3,100%,8,.252,0,1,0,0,0,1,1,0,0,0,0,0,3.0,16,valdece01
810,Phillips Valdez,30,BOS,16.1,13,13,8,0,1,0,0,0,,0,0,3,1,33%,9,.369,0,1,12,3,0,10,3,10,5,2,5,2,3.8,22,valdeph01
811,Josh VanMeter,27,PIT,3.0,3,3,3,0,0,0,0,0,,0,0,0,0,,9,.000,0,0,3,0,0,3,0,3,0,0,0,0,3.0,25,vanmejo01
812,Ildemaro Vargas,30,WSN,1.0,1,1,1,0,0,0,0,0,,0,0,0,0,,9,.000,0,0,1,0,0,1,0,1,0,0,0,0,3.0,6,vargail01
813,Andrew Vasquez,28,TOT,8.2,10,10,3,0,0,0,0,0,,0,0,2,0,0%,,.227,0,1,9,2,0,8,2,8,2,5,2,0,2.6,15,vasquan02
814,Andrew Vasquez,28,TOR,6.2,9,9,3,0,0,0,0,0,,0,0,2,0,0%,9,.207,0,1,8,1,0,8,2,7,1,5,1,0,2.2,13,vasquan02
815,Andrew Vasquez,28,SFG,2.0,1,1,0,0,0,0,0,0,,0,0,0,0,,6,.320,0,0,1,1,0,0,0,1,1,0,1,0,6.0,35,vasquan02
816,Vince Velasquez,30,CHW,75.1,27,18,8,1,0,0,0,0,,1,1,5,4,80%,8,.646,2,1,15,3,1,14,4,14,12,0,12,1,6.0,34,velasvi01
817,Drew VerHagen,31,STL,21.2,19,19,3,3,1,1,0,1,0%,4,3,10,1,10%,5,1.003,4,7,8,9,1,9,8,11,6,5,7,2,3.4,22,verhadr01
818,Alex Vesia,26,LAD,54.1,63,63,6,5,0,3,1,2,33%,20,16,27,7,26%,7,1.181,20,19,24,33,12,18,17,46,4,21,7,12,2.6,15,vesiaal01
819,Nick Vespi,26,BAL,26.1,25,25,4,5,0,2,1,1,50%,5,1,17,5,29%,8,.874,9,3,13,11,4,10,13,12,11,8,13,4,3.2,18,vespini01
820,Will Vest,27,DET,63.0,59,57,8,3,3,1,1,0,100%,5,4,29,9,31%,8,.645,11,12,34,16,9,32,15,42,11,8,12,7,3.2,18,vestwi01
821,Cam Vieaux,28,PIT,8.2,8,8,2,0,0,0,0,0,,1,1,8,6,75%,8,.625,2,2,4,2,1,5,4,4,2,1,2,0,3.3,26,vieauca01
822,Arodys Vizcaíno,31,KCR,5.2,7,7,1,0,0,0,0,0,,2,2,0,0,,7,.696,0,4,3,2,0,5,0,7,0,2,0,1,2.4,16,vizcaar01
823,Austin Voth,30,TOT,101.2,41,24,1,1,0,0,0,0,,1,1,13,1,8%,,.784,1,3,20,6,0,18,8,16,8,7,9,3,3.2,22,vothau01
824,Austin Voth,30,WSN,18.2,19,19,1,0,0,0,0,0,,1,1,10,0,0%,6,.332,1,1,17,5,0,14,5,14,5,6,6,3,2.9,21,vothau01
825,Austin Voth,30,BAL,83.0,22,5,0,1,0,0,0,0,,0,0,3,1,33%,5,.906,0,2,3,1,0,4,3,2,3,1,3,0,4.0,25,vothau01
826,Cole Waites,24,SFG,5.2,7,7,3,0,0,0,0,0,,0,0,0,0,,8,.264,0,0,7,2,0,5,0,7,0,2,0,2,2.4,15,waiteco01
827,Jake Walsh,26,STL,2.2,3,3,1,0,1,0,0,0,,0,0,2,0,0%,8,.777,0,2,1,1,1,1,1,2,1,2,1,0,2.7,22,walshja02
828,Nash Walters,25,LAA,0.1,1,1,0,0,0,0,0,0,,0,0,0,0,,6,.803,0,1,0,0,0,1,0,1,0,1,0,0,1.0,16,waltena01
829,Donovan Walton,28,SFG,1.0,1,1,1,0,0,0,0,0,,0,0,0,0,,9,.000,0,0,1,1,0,0,0,1,0,0,0,0,3.0,21,waltodo01
830,Andrew Wantz,26,LAA,50.1,42,41,7,2,1,1,0,1,0%,9,7,17,3,18%,6,.902,9,13,19,16,6,19,10,31,15,4,16,2,3.6,20,wantzan01
831,Art Warren,29,CIN,36.0,39,39,15,2,3,6,3,3,50%,10,4,20,10,50%,8,.947,14,8,17,14,5,20,12,27,6,11,6,5,2.8,17,warrear01
832,Austin Warren,26,LAA,16.0,14,14,2,2,0,1,0,1,0%,1,0,9,8,89%,7,.733,3,2,9,3,0,11,4,10,4,3,5,1,3.4,19,warreau01
833,Spenser Watkins,29,BAL,105.1,23,3,1,1,0,0,0,0,,0,0,0,0,,6,.902,0,1,2,1,0,2,0,3,3,0,3,0,10.3,61,watkisp01
834,Luke Weaver,28,TOT,35.2,26,25,15,1,0,0,0,0,,0,0,14,8,57%,,.347,1,3,21,7,0,18,6,19,8,1,10,1,3.8,26,weavelu01
835,Luke Weaver,28,ARI,16.1,12,11,4,1,0,0,0,0,,0,0,0,0,,9,.620,0,3,8,4,0,7,0,11,1,1,2,1,3.5,24,weavelu01
836,Luke Weaver,28,KCR,19.1,14,14,11,0,0,0,0,0,,0,0,14,8,57%,7,.120,1,0,13,3,0,11,6,8,7,0,8,0,4.1,27,weavelu01
837,Ryan Weber,31,NYY,10.2,5,5,4,0,0,1,1,0,100%,1,0,0,0,,9,.426,0,1,4,2,1,2,0,5,3,0,3,1,6.4,25,weberry01
838,Jordan Weems,29,WSN,39.2,32,32,3,0,1,0,0,0,,0,0,18,6,33%,6,.441,3,5,24,2,2,28,11,21,14,4,16,6,3.7,23,weemsjo01
839,Zack Weiss,30,LAA,13.1,12,12,6,0,1,0,0,0,,1,1,6,4,67%,6,.455,2,0,10,3,1,8,5,7,4,2,4,1,3.3,17,weissza01
840,Greg Weissert,27,NYY,11.1,12,12,2,3,0,0,0,0,,2,2,8,2,25%,6,.816,3,4,5,5,3,4,5,7,3,5,4,2,2.8,16,weissgr01
841,Alex Wells,25,BAL,3.2,2,2,2,0,0,0,0,0,,0,0,1,0,0%,8,.217,0,0,2,0,0,2,1,1,2,0,2,0,5.5,33,wellsal01
842,J.B. Wendelken,29,ARI,29.0,29,29,6,2,1,0,0,0,,1,1,12,4,33%,7,.687,6,6,17,5,6,18,7,22,6,8,8,4,3.0,17,wendejb01
843,Hayden Wesneski,24,CHC,33.0,6,2,1,1,1,0,0,0,,0,0,0,0,,6,.991,0,1,1,0,1,1,0,2,2,0,2,0,13.0,75,wesneha01
844,Mitch White,27,TOT,99.0,25,7,2,1,1,1,0,1,0%,1,0,2,0,0%,,.888,0,2,5,3,0,4,1,6,6,0,6,0,8.3,45,whitemi03
845,Mitch White,27,LAD,56.0,15,5,1,1,0,0,0,0,,0,0,2,0,0%,8,.816,0,0,5,2,0,3,1,4,4,0,4,0,5.6,31,whitemi03
846,Mitch White,27,TOR,43.0,10,2,1,0,1,1,0,1,0%,1,0,0,0,,5,.972,0,2,0,1,0,1,0,2,2,0,2,0,15.0,78,whitemi03
847,Kodi Whitley,27,STL,12.2,14,14,5,2,0,0,0,0,,1,1,5,2,40%,8,.442,1,1,12,6,0,8,3,11,3,4,3,2,2.7,19,whitlko01
848,Garrett Whitlock,26,BOS,78.1,31,22,10,3,1,8,6,2,75%,12,4,1,0,0%,8,1.093,10,7,5,14,4,4,1,21,14,0,14,1,5.4,24,whitlga01
849,Rowan Wick,29,CHC,64.0,64,64,22,4,7,14,9,5,64%,19,4,17,5,29%,8,1.414,25,14,25,29,11,24,16,48,11,13,12,14,3.0,18,wickro01
850,Taylor Widener,27,ARI,17.1,14,14,4,0,1,1,0,1,0%,2,1,7,4,57%,6,.647,2,3,9,3,0,11,5,9,7,3,8,0,3.7,23,widenta01
851,Collin Wiles,28,OAK,9.2,4,4,1,0,0,0,0,0,,0,0,2,0,0%,5,.235,0,1,3,0,0,4,2,2,3,0,3,0,7.3,39,wilesco01
852,Devin Williams,27,MIL,60.2,65,65,21,6,4,17,15,2,88%,43,26,13,2,15%,8,2.369,44,17,4,44,18,3,12,53,3,10,3,18,2.8,16,willide03
853,Trevor Williams,30,NYM,89.2,30,21,5,1,1,2,1,1,50%,3,1,13,9,69%,8,.539,3,3,15,7,1,13,9,12,14,2,15,0,7.3,37,willitr01
854,Bryse Wilson,24,PIT,115.2,25,5,0,0,1,0,0,0,,0,0,5,3,60%,3,.851,2,2,1,0,2,3,3,2,5,0,5,0,13.4,66,wilsobr02
855,Justin Wilson,34,CIN,3.2,5,5,0,0,1,0,0,0,,0,0,4,0,0%,7,.831,1,0,4,1,1,3,2,3,0,3,1,0,2.2,11,wilsoju10
856,Steven Wilson,27,SDP,53.0,50,49,8,4,2,3,1,2,33%,8,5,24,13,54%,7,.972,14,16,19,20,8,21,17,32,11,11,11,10,3.2,18,wilsost02
857,Josh Winckowski,24,BOS,70.1,15,1,1,0,0,0,0,0,,0,0,0,0,,6,.891,0,0,1,0,0,1,0,1,1,0,1,0,9.0,56,winckjo01
858,Josh Winder,25,MIN,67.0,15,4,0,0,1,0,0,0,,0,0,0,0,,4,.903,0,3,1,0,2,2,0,4,3,0,3,0,10.5,58,windejo01
859,Matt Wisler,29,TBR,44.0,39,34,10,3,3,4,1,3,25%,11,7,7,2,29%,6,1.187,11,10,13,16,8,10,11,23,9,8,9,5,3.2,19,wislema01
860,Nick Wittgren,31,STL,29.0,29,29,9,1,0,1,1,0,100%,5,4,24,6,25%,8,.619,5,7,17,10,1,18,13,16,6,9,8,8,3.0,17,wittgni01
861,Jake Woodford,25,STL,48.1,27,26,16,3,0,0,0,0,,0,0,13,3,23%,7,.343,2,2,22,6,0,20,9,17,15,3,16,2,5.0,24,woodfja01
862,William Woods,23,ATL,2.0,2,2,1,0,0,0,0,0,,0,0,0,0,,8,.266,0,0,2,0,0,2,0,2,0,0,0,0,3.0,16,woodswi02
863,Austin Wynns,31,SFG,2.0,2,2,2,0,0,0,0,0,,0,0,0,0,,9,.000,0,0,2,0,0,2,0,2,0,0,0,0,3.0,13,wynnsau01
864,Jimmy Yacabonis,30,TOT,14.0,14,13,5,1,1,0,0,0,,0,0,3,1,33%,,.545,2,1,10,1,2,10,2,11,1,2,1,3,3.0,21,yacabji01
865,Jimmy Yacabonis,30,MIA,9.1,9,9,3,1,1,0,0,0,,0,0,2,0,0%,9,.573,2,1,6,0,2,7,1,8,1,1,1,2,3.1,20,yacabji01
866,Jimmy Yacabonis,30,TBR,4.2,5,4,2,0,0,0,0,0,,0,0,1,1,100%,8,.500,0,0,4,1,0,3,1,3,0,1,0,1,2.8,22,yacabji01
867,Miguel Yajure,24,PIT,24.1,12,11,4,1,1,1,1,0,100%,1,0,3,1,33%,7,.603,1,4,6,2,1,8,2,9,8,1,9,0,5.5,37,yajurmi01
868,Ryan Yarbrough,30,TBR,80.0,20,11,2,3,4,0,0,0,,0,0,0,0,,2,.976,0,8,3,3,3,5,0,11,10,0,10,0,10.8,62,yarbrry01
869,Kirby Yates,35,ATL,7.0,9,9,3,0,0,0,0,0,,2,2,0,0,,9,.557,2,2,5,5,1,3,0,9,0,3,0,1,2.3,15,yateski01
870,Alex Young,28,TOT,26.2,25,24,2,1,0,2,0,2,0%,7,5,20,6,30%,,1.102,7,11,6,10,2,12,13,11,9,9,9,5,3.3,18,youngal01
871,Alex Young,28,CLE,0.1,1,1,1,0,0,0,0,0,,0,0,1,1,100%,8,.180,0,0,1,0,0,1,1,0,0,1,0,0,1.0,6,youngal01
872,Alex Young,28,SFG,26.1,24,23,1,1,0,2,0,2,0%,7,5,19,5,26%,8,1.118,7,11,5,10,2,11,12,11,9,8,9,5,3.3,18,youngal01
873,Danny Young,28,TOT,6.1,3,3,3,0,0,0,0,0,,0,0,5,1,20%,,.025,0,0,3,1,0,2,2,1,3,0,3,0,6.3,42,youngda02
874,Danny Young,28,SEA,3.2,2,2,2,0,0,0,0,0,,0,0,5,1,20%,7,.040,0,0,2,0,0,2,2,0,2,0,2,0,5.5,38,youngda02
875,Danny Young,28,ATL,2.2,1,1,1,0,0,0,0,0,,0,0,0,0,,7,.000,0,0,1,1,0,0,0,1,1,0,1,0,8.0,51,youngda02
876,Aneurys Zabala,25,MIA,2.2,2,2,2,0,0,0,0,0,,0,0,1,1,100%,8,.195,0,0,2,0,0,2,1,1,1,1,1,0,4.0,22,zabalan01
877,Rob Zastryzny,30,TOT,4.0,6,6,1,0,0,0,0,0,,0,0,6,0,0%,,.573,1,1,4,1,0,5,4,2,0,4,1,1,2.0,12,zastrro01
878,Rob Zastryzny,30,NYM,1.0,1,1,0,0,0,0,0,0,,0,0,1,0,0%,7,.394,0,0,1,0,0,1,1,0,0,0,1,0,3.0,21,zastrro01
879,Rob Zastryzny,30,LAA,3.0,5,5,1,0,0,0,0,0,,0,0,5,0,0%,8,.632,1,1,3,1,0,4,3,2,0,4,0,1,1.8,10,zastrro01
880,Angel Zerpa,22,KCR,11.0,3,1,0,1,0,0,0,0,,1,0,0,0,,6,.969,0,1,0,1,0,0,0,1,1,0,1,0,6.0,27,zerpaan01
881,Bruce Zimmermann,27,BAL,73.2,15,2,1,0,0,0,0,0,,1,1,0,0,,6,.790,0,1,1,1,0,1,0,2,1,0,1,0,10.5,52,zimmebr02